8469	149
10939423	10940595	0	0	1	2
10940706	10941688	0	1	0	2
10941780	10944965	0	0	0	2
10945053	10947302	0	0	0	2
10947418	10949210	0	0	2	2
10949269	10950047	2	0	1	2
10950174	10959065	0	0	0	2
10959135	10961280	0	1	0	2
11066515	11067983	0	0	0	1
11124378	11124505	0	1	2	1
11474904	11475144	0	0	0	1
11475238	11477176	0	0	1	1
11827656	11832757	0	2	0	1
11832915	11867113	0	0	2	1
11867144	11869826	0	1	0	1
11869898	11872161	0	0	0	1
11872354	11873839	0	0	0	1
11873925	11876102	0	0	1	1
11876132	11876222	0	0	0	1
11876296	11882266	3	0	0	1
11882338	11886399	0	0	0	1
11884628	11886399	0	0	1	1
11886564	11887949	0	1	1	1
11888146	11889308	0	0	0	1
11890229	11891779	0	1	2	1
11891931	11902859	0	0	0	1
11903142	11903785	0	0	0	1
11904000	11905335	0	0	0	1
11905557	11910164	0	0	0	1
12602527	12604668	0	0	0	1
12604739	12615407	0	0	0	1
12615534	12616312	0	0	0	1
12616371	12618169	0	0	0	1
12618289	12620836	0	0	0	1
12620938	12624240	0	0	0	1
12624331	12625315	0	0	0	1
12625428	12626605	0	0	0	1
15290836	15290993	0	0	1	1
15291024	15295330	0	0	0	1
15295409	15295727	0	1	0	1
15295832	15297155	0	0	0	1
15327756	15342358	0	0	0	2
15342426	15342943	0	0	0	2
15490131	15490870	0	0	0	1
15490947	15492484	0	0	0	1
15541607	15558444	0	0	3	1
15552887	15553209	0	0	0	2
15553586	15553689	0	0	0	2
15558591	15560154	4	0	0	2
15558624	15575608	0	2	0	1
15560264	15560523	0	0	0	2
15575785	15577964	0	1	0	1
15602511	15604047	0	3	0	2
15604133	15604840	0	0	0	2
15622710	15623983	0	2	1	2
15624071	15624537	0	0	0	2
15624674	15624954	0	0	0	2
15625094	15625470	0	0	0	2
15625899	15627328	0	2	0	2
15627410	15627648	0	0	0	2
15627716	15628380	0	0	0	2
15628586	15629736	0	0	0	2
15629891	15631428	0	0	0	2
15631538	15631917	0	0	0	2
15635310	15636008	0	1	0	2
15636067	15636544	0	0	0	2
15636714	15636798	0	0	0	2
15636865	15637379	0	0	2	2
15637458	15638849	0	1	0	2
15639042	15644201	0	1	1	2
15690709	15695369	0	0	0	1
15695485	15695643	0	0	0	1
15695818	15697372	0	0	0	1
15695818	15698660	0	0	2	1
15697629	15698660	0	0	0	1
15698768	15700076	5	0	0	1
15700215	15702684	0	0	0	1
15701482	15702958	0	0	0	2
15702756	15708018	0	0	1	1
15708090	15709780	0	0	0	1
15709826	15710866	0	0	0	1
15711034	15719658	0	0	0	1
15719778	15721284	0	0	0	1
15746899	15754386	0	0	0	1
15749798	15750370	0	0	1	2
15754453	15778008	0	0	1	1
15765780	15774710	0	0	0	1
15774846	15778006	0	2	0	1
15785057	15787170	0	0	0	1
15785057	15791015	0	0	1	1
15787282	15788550	0	0	0	1
15787282	15788583	0	0	0	1
15788699	15788818	0	0	1	1
15788931	15790659	0	0	0	1
15788931	15790683	0	0	0	1
15790797	15791014	0	1	0	1
15790798	15791008	0	0	0	1
15791151	15796833	0	1	0	1
15791152	15791626	0	0	0	1
15791152	15815474	0	0	2	1
15795796	15795936	0	1	0	1
15796133	15796856	0	1	0	1
15806011	15806354	0	0	0	2
15806011	15813392	0	0	0	2
15813480	15820618	0	1	0	2
15813481	15815573	0	0	1	2
15815565	15826139	0	1	0	1
15815566	15818572	0	0	1	1
15853221	15859048	0	0	0	1
15859171	15876487	0	0	0	1
15876687	15877313	0	0	0	1
15877448	15893135	0	0	0	1
15915146	15915639	0	0	0	2
16387839	16390134	0	0	1	1
16390220	16390368	0	0	0	1
16390495	16390639	0	0	0	1
16424108	16424523	0	0	0	1
16425212	16425243	0	0	1	1
16425488	16425516	0	0	0	1
16429158	16433321	0	3	0	2
16433459	16434360	0	2	1	2
16434454	16438285	0	0	0	2
16438437	16439311	0	0	0	2
16439391	16459928	0	0	1	2
16460104	16472850	0	0	0	2
16472978	16474086	0	0	0	2
16474229	16476697	0	0	0	2
16503375	16508152	0	1	0	1
16508238	16509385	0	1	0	1
16521289	16525945	0	0	0	1
16526113	16526973	0	0	2	1
16572149	16572705	0	1	0	1
16572753	16573042	0	0	0	1
16573212	16573420	0	0	0	1
16573527	16574464	0	0	0	1
16578073	16580809	0	0	2	2
16581287	16582505	0	0	0	2
16592975	16599418	0	0	0	1
16602213	16611654	0	2	0	1
16602213	16622837	0	2	0	1
16602215	16638577	0	0	0	1
16611893	16613983	0	0	1	1
16611893	16614075	0	0	0	1
16614178	16614697	0	0	0	1
16614178	16622839	0	0	0	1
16616346	16616744	0	0	0	1
16619720	16620050	0	0	0	1
16620160	16622839	0	0	0	1
16622897	16637038	0	0	0	1
16637088	16638575	0	2	0	1
16638739	16648524	0	1	0	1
16638740	16639296	0	0	0	1
16638740	16647166	0	0	0	1
16638740	16647603	0	0	0	1
16638740	16697494	0	0	0	1
16645813	16646446	0	0	1	2
16647257	16647661	0	0	0	1
16647785	16648525	0	0	0	1
16648648	16653508	0	0	1	1
16649960	16652319	0	1	0	1
16652482	16652930	0	1	0	1
16654076	16659495	0	0	0	2
16659628	16659856	0	0	1	2
16659969	16661474	0	0	0	2
16661555	16669460	0	0	0	2
16669620	16670215	0	0	0	2
16670260	16671515	0	1	0	2
16671178	16671516	0	0	3	2
16671588	16673598	2	1	0	2
16671588	16675121	0	0	0	2
16673752	16675121	0	0	0	2
16676046	16677191	0	0	0	2
16677376	16679290	0	0	0	2
16679493	16690101	0	0	1	2
16690280	16690571	0	0	0	2
16690616	16691973	0	0	0	2
16692138	16694575	0	1	1	2
16694720	16695001	0	1	0	2
16695144	16695240	0	0	0	2
16695358	16696776	0	0	0	2
16698156	16700312	0	0	0	2
16700449	16701152	0	0	1	2
16701311	16702040	0	1	1	2
16702203	16703991	0	0	0	2
16704106	16704307	0	0	0	2
16725240	16745349	0	0	1	1
16745478	16747052	0	1	1	1
16747739	16748274	0	0	0	2
16784409	16799769	0	0	0	2
16800023	16807736	0	1	0	2
16808083	16821605	0	0	1	2
16808083	16825289	0	0	0	2
16828060	16828540	0	0	0	1
16844525	16844863	0	0	0	1
16845075	16845916	0	1	0	1
16846081	16846303	0	0	0	1
16869626	16870774	0	0	1	1
16904516	16904639	0	0	0	2
16914549	16914928	0	1	0	2
16921753	16922123	0	0	0	2
16926196	16926375	0	1	1	2
16933825	16933947	0	0	0	2
16954090	16955792	0	0	0	1
16955857	16956215	0	0	0	1
16962876	16963723	0	0	1	2
16963827	16964762	0	2	0	2
16964862	16965176	0	0	0	2
16965266	16966096	0	2	0	2
16966183	16968296	0	0	0	2
16966364	16968296	0	0	0	2
16967444	16968295	0	1	1	2
16967481	16968296	0	0	0	2
16968381	16969609	0	2	1	2
16968383	16969941	0	0	0	2
16968383	16987958	0	0	0	2
16968383	16991871	0	0	1	2
16970193	16987958	0	0	0	2
16988116	16991871	0	0	1	2
16988167	16991871	0	0	0	2
16992176	17007939	0	0	1	2
17022042	17022347	0	0	2	2
17037344	17044871	0	0	0	1
17044999	17047321	0	1	0	1
17045000	17046344	0	0	1	1
17046444	17047322	0	0	0	1
17047425	17056374	0	1	1	1
17047426	17057071	5	0	0	1
17047426	17060593	0	0	0	1
17047430	17058013	0	0	0	1
17085229	17097060	0	0	0	1
17085229	17097795	0	0	1	1
17097085	17097794	0	1	0	1
17097086	17097854	0	0	0	1
17097943	17098773	4	0	0	1
17098886	17101993	0	1	1	1
17098887	17099148	0	0	0	1
17098887	17100353	0	0	1	1
17100479	17101992	0	2	0	1
17102043	17102137	0	0	0	1
17102302	17103492	0	0	1	1
17103577	17104724	0	0	1	1
17104810	17105589	0	0	0	1
17105601	17107724	0	1	0	1
17105602	17105851	0	0	0	1
17105953	17107724	0	1	0	1
17107767	17108304	0	1	0	1
17120143	17121250	0	0	0	2
17122039	17122567	0	0	1	1
17122039	17124653	0	0	0	1
17122343	17124652	0	1	0	1
17122738	17124653	0	0	0	1
17124771	17130360	0	0	0	1
17130483	17131860	0	1	0	1
17130484	17131613	0	0	0	1
17138356	17141056	0	1	0	2
17138357	17138548	0	0	0	2
17138738	17141057	0	0	2	2
17141233	17141391	0	0	0	2
17141233	17143096	0	0	0	2
17143130	17145021	0	1	1	2
17143131	17159124	0	0	0	2
17145117	17148446	0	0	0	2
17148560	17149540	0	0	0	2
17148560	17158455	0	0	0	2
17149744	17158454	0	1	0	2
17149744	17165206	0	1	0	2
17149745	17159124	0	0	1	2
17159474	17165267	0	0	0	1
17159551	17165267	0	0	0	1
17159837	17165267	0	0	0	1
17179278	17181485	0	0	0	2
17179760	17181485	0	0	1	2
17180486	17181485	0	0	1	2
17181576	17181818	0	0	0	2
17182022	17182602	0	0	0	2
17182740	17188337	0	0	0	2
17182760	17188336	0	1	0	2
17188447	17189940	0	0	1	2
17188447	17191681	0	0	1	2
17190032	17191681	0	0	0	2
17191810	17198597	0	0	0	2
17191810	17199161	0	0	3	2
17191810	17199547	0	0	0	2
17191810	17203561	0	0	0	2
17199277	17199545	0	2	0	2
17203773	17203852	0	0	0	2
17203773	17207069	0	0	0	2
17203888	17207068	0	1	0	2
17207289	17219353	0	1	1	2
17207290	17209354	0	0	0	2
17209598	17219354	0	0	0	2
17209598	17221725	0	0	0	2
17209685	17221725	0	0	0	2
17209690	17219354	0	0	0	2
17209723	17212001	0	0	0	2
17209723	17219354	0	0	0	2
17209723	17221725	0	0	0	2
17209723	17258166	0	0	0	2
17209750	17219353	0	1	0	2
17212578	17219354	0	0	0	2
17212578	17221725	0	0	0	2
17213756	17214062	0	0	1	1
17222100	17230160	0	1	0	2
17222101	17256266	0	0	0	2
17256878	17258162	0	0	0	2
17258305	17260787	0	1	0	2
17261045	17266521	0	0	0	2
17360021	17477584	0	2	0	1
17369909	17477586	0	0	0	1
17428538	17477584	0	2	0	1
17477159	17477586	0	0	0	1
17477682	17497401	0	0	0	1
17497586	17499408	0	0	0	1
17499549	17500629	0	0	1	1
17500735	17503080	0	0	0	1
17503131	17504845	6	0	0	1
17505016	17511811	0	0	0	1
17511896	17524116	0	0	2	1
17522527	17527331	6	0	1	2
17524271	17537101	0	0	0	1
17524327	17534742	0	0	0	1
17527450	17529856	0	0	0	2
17529891	17542879	0	0	0	2
17534747	17537101	0	0	0	1
17537231	17538517	0	1	0	1
17538557	17538638	0	0	0	1
17538731	17538991	0	0	0	1
17539119	17540410	0	0	2	1
17540800	17541837	0	0	0	1
17541967	17542155	0	0	0	1
17542988	17545925	6	0	0	2
17543003	17548146	0	0	0	1
17543003	17548149	0	0	0	1
17546051	17569976	0	0	0	2
17549564	17550241	0	0	0	1
17549564	17552029	0	0	1	1
17550409	17552029	0	0	0	1
17552141	17552832	0	1	3	1
17563712	17579742	0	1	1	1
17563713	17569922	0	0	0	1
17569796	17569922	0	0	0	1
17569986	17579743	0	0	0	1
17579964	17581035	0	0	0	1
17580331	17581332	0	0	0	2
17581159	17581356	0	0	0	1
17581413	17582561	0	0	2	1
17581545	17582246	0	3	0	2
17581547	17585262	0	1	1	2
17582372	17587865	0	0	0	2
17582652	17583413	0	1	0	1
17583534	17587134	0	0	0	1
17585386	17587865	0	0	0	2
17587301	17587923	0	0	0	1
17588079	17589588	2	0	0	1
17589665	17590093	0	0	1	1
17592736	17594527	0	0	0	2
17594615	17598191	0	1	0	2
17598288	17600025	0	0	0	2
17600095	17601090	0	0	1	2
17600095	17612810	0	0	0	2
17601181	17612810	0	0	0	2
17612878	17613209	0	0	1	2
17613319	17619458	0	1	1	2
17613320	17619032	0	0	0	2
17613320	17628601	0	0	0	2
17619127	17619459	0	0	0	2
17619526	17628601	0	0	0	2
17628906	17638100	0	0	0	1
17629005	17638100	0	0	0	1
17638700	17655660	6	0	1	1
17638885	17683211	0	1	0	1
17638886	17655660	0	0	0	1
17655831	17683211	0	1	0	1
17655832	17702241	4	0	1	1
17683318	17702238	0	3	0	1
17683319	17696137	0	2	0	1
17683321	17688984	0	0	1	1
17683321	17726675	0	0	1	1
17689140	17696137	0	2	0	1
17689140	17702239	0	2	0	1
17689142	17692354	0	0	0	1
17689142	17726675	0	0	0	1
17696210	17702241	0	0	0	1
17696210	17726675	0	0	0	1
17702386	17726675	0	0	0	1
17706825	17726675	0	0	0	1
17735590	17738014	0	1	0	2
17738229	17739347	0	0	0	2
17739487	17740079	0	1	0	2
17739487	17774378	0	1	0	2
17739488	17743801	0	0	1	2
17739488	17750103	0	0	0	2
17740176	17743801	6	0	0	2
17744012	17774378	0	1	0	2
17744013	17750103	0	0	0	2
17744013	17774691	0	0	1	2
17750171	17773605	0	3	0	2
17750174	17774379	0	0	0	2
17750174	17774638	0	0	0	2
17790916	17790996	0	0	0	2
17791071	17791200	0	0	0	2
17791301	17793727	0	0	2	2
17791301	17803809	0	0	0	2
17791301	17808842	0	0	0	2
17793794	17808842	0	0	0	2
17801136	17801458	0	0	0	1
17803861	17808842	0	0	1	2
17808935	17810699	0	2	0	2
17810812	17816687	0	1	0	2
17810813	17812505	0	0	0	2
17812557	17816688	0	0	0	2
17816784	17817309	0	0	0	2
17819129	17821425	0	0	1	2
17821509	17822028	0	0	0	2
17822170	17822945	0	0	1	2
17823060	17826452	5	1	0	2
17823060	17827642	0	0	0	2
17823060	17831852	0	0	0	2
17826514	17831850	0	2	1	2
17827781	17830065	0	0	0	2
17827781	17831852	0	0	0	2
17830154	17831852	0	0	1	2
17832107	17841820	0	0	0	2
17834549	17841820	0	0	0	2
17842016	17864896	0	1	0	2
17864986	17865922	0	0	0	2
17866012	17871835	0	0	0	2
17872022	17872744	0	1	0	2
17872022	17875208	0	1	0	2
17872023	17876406	0	0	0	2
17872023	17884273	0	0	1	2
17872023	17885876	0	0	0	2
17872853	17875444	0	1	0	2
17875325	17876405	0	1	1	2
17875552	17879342	0	2	0	2
17879402	17881203	0	0	0	2
17881303	17885876	0	0	0	2
17884357	17885875	0	1	1	2
17886047	17887164	0	4	1	2
17887230	17887319	0	2	1	2
17887435	17889032	0	0	0	2
17889230	17891483	0	0	0	2
17891632	17893806	0	0	0	2
17893903	17895281	0	1	0	2
17895410	17896244	3	0	0	2
17896361	17896722	0	0	0	2
17896980	17900839	0	1	0	2
17896981	17899446	0	0	0	2
17899548	17900840	0	0	3	2
17900997	17901876	4	0	0	2
17901979	17902629	5	0	0	2
17902747	17904630	0	0	0	2
17904839	17906547	0	0	0	2
17906886	18001087	0	0	0	2
17906886	18001391	0	0	0	2
17906886	18024279	0	0	1	2
17983286	17983339	0	1	2	2
18006614	18007159	0	1	0	2
18019409	18019732	0	2	0	1
18019801	18020112	0	0	0	1
18029553	18035757	0	1	1	1
18077062	18077527	0	0	0	2
18078047	18078294	0	0	0	1
18078606	18079872	0	0	1	1
18080014	18083435	5	0	0	1
18083732	18085110	0	0	1	1
18083732	18087970	0	0	0	1
18085258	18087970	0	0	0	1
18085258	18121477	0	0	2	1
18102794	18103455	0	0	0	2
18110575	18121476	0	1	0	1
18110838	18121476	0	1	0	1
18110868	18121477	0	0	1	1
18113861	18121477	0	0	0	1
18121701	18124154	0	0	2	1
18124304	18126352	0	0	0	1
18127033	18130840	0	1	0	1
18127034	18145654	0	0	1	1
18131006	18140026	0	0	0	1
18131006	18145654	0	0	0	1
18150222	18157556	0	0	0	1
18157820	18160170	0	0	0	1
18160268	18161788	0	0	2	1
18161935	18167253	0	0	0	1
18167334	18167888	0	0	0	1
18168036	18169842	0	0	0	1
18169937	18170749	0	2	1	1
18169939	18173148	0	0	1	1
18170919	18173147	0	1	0	1
18170920	18171932	0	0	0	1
18173281	18173791	0	0	0	1
18173842	18176770	0	0	0	1
18178463	18183106	0	2	0	2
18184066	18188621	0	0	0	2
18188656	18189120	0	0	1	2
18189183	18191181	0	0	1	2
18191248	18196155	0	0	1	2
18196243	18199188	0	0	2	2
18199214	18199681	0	0	0	2
18199741	18205773	0	0	0	2
18340315	18340837	0	1	0	1
18340975	18344489	0	1	0	1
18344679	18344910	0	0	2	1
18345037	18345138	0	1	0	1
18345252	18345332	0	1	0	1
18345448	18345751	0	0	0	1
18350514	18360562	3	2	0	1
18362256	18366898	0	1	0	2
18367054	18367515	0	1	1	2
18367558	18367783	0	0	0	2
18367857	18368389	0	0	0	2
18367857	18372921	0	0	0	2
18370713	18372921	0	0	0	2
18372955	18373419	0	1	0	2
18373483	18375482	0	0	1	2
18374221	18375429	0	0	0	1
18375549	18380454	0	0	0	2
18380542	18383485	0	0	0	2
18383511	18383978	0	0	0	2
18384038	18386384	0	0	0	2
18384038	18389907	0	0	0	2
18389967	18390817	0	0	0	2
18422347	18424975	0	0	0	1
18425035	18425502	0	0	3	1
18425528	18428473	0	0	1	1
18428561	18487137	0	0	1	1
18487204	18489203	1	0	0	1
18487257	18488465	0	0	0	2
18488583	18491141	0	0	0	2
18489266	18489730	0	0	0	1
18489765	18491984	0	0	0	1
18494026	18494558	0	0	0	1
18494632	18494857	0	0	0	1
18494899	18495360	0	0	0	1
18495515	18500153	0	1	0	1
18501848	18511883	0	1	1	2
18516647	18516950	0	0	0	2
18517065	18517145	0	0	0	2
18517259	18517360	0	0	0	2
18517489	18517720	0	0	0	2
18517930	18518060	0	1	0	2
18528276	18528557	0	0	0	1
18528682	18528815	0	0	0	1
18528867	18529017	0	0	0	1
18529093	18529439	0	0	2	1
18529496	18529603	0	1	0	1
18529687	18529788	0	2	1	1
18529724	18529934	0	0	0	1
18529856	18529934	0	0	1	1
18530008	18530154	0	0	0	1
18530196	18530253	0	0	1	1
18534052	18535242	0	1	0	2
18535328	18535857	0	0	0	2
18535948	18536648	0	0	0	2
18536808	18537290	0	0	0	2
18536808	18537293	0	0	0	2
18537412	18538431	0	0	1	2
18538557	18538637	0	1	0	2
18538743	18539225	0	1	1	2
18539337	18540400	0	0	1	2
18540472	18540571	0	0	0	2
18540645	18543665	0	0	0	2
18543736	18544649	0	1	0	2
18544781	18547244	0	0	1	2
18547373	18548009	0	0	0	2
18547420	18548008	0	1	0	2
18548118	18548316	0	0	0	2
18548468	18548667	0	1	0	2
18548827	18552471	0	0	0	2
18552573	18574573	0	0	0	2
18552573	18577771	0	0	0	2
18623511	18623974	0	0	0	2
18624138	18624625	0	1	1	2
18624772	18625012	0	0	0	2
18636805	18636910	0	0	0	2
18636979	18637321	0	1	1	2
18637387	18637489	0	1	0	2
18637662	18638236	0	0	0	2
18734054	18736030	0	0	1	1
18736090	18736557	0	0	2	1
18736583	18739528	0	0	0	1
18739616	18744508	0	0	0	1
18744575	18746572	0	0	0	1
18746635	18747099	0	0	0	1
18747132	18751865	0	2	0	1
18752824	18757464	0	1	0	1
18773968	18774271	0	0	2	2
18774386	18774466	0	0	0	2
18774580	18774681	0	0	0	2
18774809	18775040	0	0	0	2
18775232	18778728	0	0	0	2
18775251	18778728	0	0	0	2
18778865	18779387	0	1	0	2
18779538	18781586	0	1	0	2
18781745	18782136	0	1	0	2
18782329	18791055	0	2	0	2
18782331	18787529	0	0	1	2
18787617	18787743	0	0	1	2
18787879	18791057	0	0	0	2
18791226	18791771	0	0	0	2
18791849	18791966	0	0	0	2
18792054	18792260	6	0	1	2
18792333	18794411	0	0	1	2
18794791	18805427	0	0	0	2
18794791	18824926	0	0	0	2
18794791	18843291	0	0	1	2
18848326	18851635	0	0	0	1
18851842	18853647	0	1	0	1
18851843	18852217	0	0	0	1
18852592	18853646	0	2	0	1
18852942	18853648	0	0	0	1
18853752	18854743	0	3	0	1
18853755	18855788	0	0	0	1
18855783	18856258	0	0	1	2
18855917	18856572	0	1	0	1
18856365	18857309	0	0	0	2
18857444	18858498	0	1	1	2
18857489	18858380	0	0	0	1
18873665	18875877	6	0	0	2
18875912	18876376	0	0	0	2
18876439	18878437	0	0	0	2
18878504	18883411	0	0	0	2
18883499	18886444	0	0	0	2
18886470	18886937	0	0	0	2
18886997	18894327	0	0	0	2
18906114	18906563	0	0	0	1
18906467	18906563	0	0	0	1
18906484	18906563	0	0	0	1
18906725	18909978	1	0	1	1
18906725	18910170	0	0	1	1
18907084	18910168	0	2	0	1
18907086	18910177	0	0	0	1
18908692	18910169	0	1	0	1
18910098	18910170	0	0	3	1
18910271	18910885	0	1	0	1
18911027	18911537	0	1	0	1
18911028	18939671	0	0	0	1
18913362	18913436	0	0	0	2
18913526	18916888	0	0	0	2
18916988	18918314	0	0	0	2
18918490	18919448	0	1	2	2
18919597	18919704	0	0	2	2
18919631	18919704	0	0	2	2
18919797	18921339	0	1	0	2
18921422	18922322	0	1	0	2
18922404	18922815	0	0	0	2
18922933	18923113	3	0	1	2
18922933	18925049	0	0	0	2
18923179	18925049	0	0	0	2
18925200	18925686	0	0	0	2
18925722	18930988	0	0	1	2
18925722	18936013	0	0	0	2
18931116	18934760	0	0	0	2
18931181	18936168	0	0	0	2
18931197	18936012	0	1	2	2
18931198	18936388	0	0	0	2
18936327	18936388	0	0	0	2
18936646	18937348	0	2	0	1
18937466	18939670	0	1	1	1
18939748	18946788	0	1	1	1
18939756	18946788	0	1	0	1
18945169	18946789	3	0	2	1
18970655	18985831	0	3	2	1
18970658	18987755	0	0	0	1
18970658	18990718	0	0	0	1
18970658	19014351	0	0	1	1
18980780	18981234	0	0	0	2
18986019	18987755	0	0	1	1
18987899	18990717	0	1	0	1
18987900	18988089	0	0	1	1
18988194	18989737	0	1	1	1
18988195	18989415	0	0	0	1
18988195	18990718	0	0	0	1
18989465	18989578	0	0	0	1
18989964	18990718	0	0	0	1
18990924	18991815	0	0	0	1
18992016	19014350	0	1	0	1
18992017	18994372	0	0	0	1
18992017	19002865	0	0	0	1
18992097	19012576	0	1	0	1
18998528	19002864	0	1	0	1
19002925	19005831	0	0	0	1
19002925	19005834	0	0	0	1
19005941	19014350	0	1	0	1
19012707	19014349	0	2	0	1
19014506	19014596	0	0	0	1
19014506	19017295	0	0	0	1
19014506	19030780	0	0	0	1
19021563	19022588	0	1	0	1
19030250	19030779	0	1	0	1
19031683	19031995	0	0	0	2
19032083	19032197	0	0	3	2
19032355	19032463	0	1	3	2
19032530	19032830	0	2	1	2
19032939	19033041	0	1	0	2
19033213	19033790	0	0	0	2
19033951	19034527	0	0	0	2
19039120	19041055	0	1	0	2
19041294	19041805	0	0	0	2
19041959	19048438	0	0	1	2
19048643	19056984	0	0	0	2
19056023	19056331	0	0	1	1
19057160	19063198	0	2	0	2
19057161	19060563	0	1	0	2
19060955	19063200	0	0	1	2
19063278	19064846	0	0	0	2
19065057	19065753	0	1	1	2
19065058	19065183	0	0	0	2
19065058	19068098	0	0	0	2
19065067	19068098	0	0	3	2
19065189	19068094	0	0	0	2
19068221	19089362	0	4	1	2
19068225	19122126	0	0	0	2
19089489	19122125	0	1	0	2
19121952	19124344	0	0	0	1
19125292	19125667	3	2	0	2
19125839	19128089	0	2	0	2
19134475	19135058	0	0	0	2
19135174	19137320	0	1	0	2
19137432	19138213	0	0	1	2
19137432	19138301	0	0	0	2
19138315	19139155	0	2	0	2
19138479	19139157	0	0	0	2
19139292	19139610	0	0	0	2
19139728	19139852	0	1	0	2
19140023	19142535	0	1	0	2
19142633	19142724	0	0	0	2
19142893	19144054	0	1	0	2
19142894	19144122	0	0	0	2
19142894	19144504	0	0	0	2
19149095	19149661	0	0	0	2
19149916	19150023	0	0	0	2
19176243	19176418	0	1	1	2
19176494	19176576	0	0	0	2
19176693	19176844	0	0	1	2
19176950	19177118	0	0	0	2
19177204	19177725	0	0	3	2
19177865	19177940	0	0	0	2
19178041	19178131	0	0	0	2
19178240	19178385	0	0	0	2
19178240	19178578	0	0	0	2
19179969	19180197	6	0	0	2
19180237	19180728	0	1	0	2
19180805	19183387	0	1	0	2
19183609	19184392	0	2	0	2
19183610	19187978	0	1	1	2
19183611	19187556	0	0	2	2
19183611	19191302	0	0	0	2
19184535	19187555	0	1	0	2
19187722	19187973	0	6	0	2
19188091	19191302	0	0	0	2
19191435	19196264	0	0	0	2
19196415	19196487	0	0	1	2
19196655	19199731	0	1	1	2
19196889	19199606	0	0	0	1
19199841	19201327	0	0	0	2
19199841	19201389	0	0	0	2
19201492	19208919	0	1	0	2
19201493	19207516	0	0	0	2
19201493	19208152	0	0	1	2
19208311	19208920	0	0	0	2
19209114	19210324	0	0	0	2
19210508	19216108	0	1	1	2
19216256	19219883	0	0	1	2
19220006	19221374	0	1	0	2
19221610	19221948	0	1	0	2
19222093	19222682	0	0	0	2
19222808	19223888	0	1	0	2
19224054	19225451	0	0	0	2
19224054	19226217	0	0	0	2
19225632	19226216	0	1	0	2
19226383	19229836	0	0	0	2
19229975	19232474	0	0	0	2
19232597	19233163	0	1	0	2
19233318	19233420	0	0	0	2
19233622	19234507	0	0	0	2
19234706	19235694	0	0	2	2
19235869	19239273	2	0	1	2
19239388	19242773	0	0	1	2
19242936	19253957	0	0	0	2
19254227	19257803	0	0	1	2
19254227	19275621	0	0	0	2
19257867	19275621	0	0	0	2
19275829	19291597	0	1	0	2
19292330	19328396	0	0	1	1
19331556	19351356	0	0	2	2
19351446	19353354	0	0	2	2
19353518	19353993	0	1	0	2
19354116	19356226	0	2	0	2
19354118	19355758	0	0	0	2
19355865	19356228	0	0	1	2
19356288	19356888	0	0	0	2
19356288	19375629	0	0	0	2
19357050	19359333	0	1	1	2
19359484	19361235	0	0	1	2
19361341	19361725	0	0	1	2
19361931	19375629	0	0	0	2
19375792	19377867	0	0	1	2
19378066	19383618	0	0	0	2
19383705	19385519	0	0	0	2
19385736	19387709	0	0	0	2
19387814	19388480	0	2	1	2
19388554	19392099	4	1	0	2
19392214	19394340	0	0	1	2
19394509	19396785	0	0	1	2
19396947	19397990	0	0	0	2
19398087	19405784	0	0	1	2
19405880	19407182	0	0	1	2
19407274	19408481	0	0	1	2
19408592	19410713	0	1	0	2
19410777	19430088	0	1	1	2
19410778	19431438	0	0	0	2
19410778	19447376	0	0	4	2
19432607	19433263	0	0	0	1
19432859	19433263	0	0	0	1
19433348	19434734	0	0	1	1
19434893	19435635	0	1	0	1
19441694	19447376	0	0	1	2
19444390	19447376	0	0	0	2
19447545	19447663	0	0	0	2
19448325	19448440	0	0	0	1
19450742	19454798	0	2	0	2
19450743	19454746	0	1	0	2
19450744	19451876	0	0	0	2
19452000	19454800	0	0	1	2
19454829	19455677	0	1	0	2
19455767	19456584	0	1	1	2
19456634	19456851	0	0	0	2
19456917	19458068	0	1	2	2
19458138	19465199	0	1	0	2
19465274	19467871	0	0	1	2
19468003	19471685	0	0	0	2
19468003	19479081	0	0	1	2
19471807	19475467	0	1	1	2
19471808	19475066	0	0	0	2
19471808	19479081	0	0	1	2
19475098	19475492	0	2	1	2
19475100	19475468	0	0	1	2
19475601	19478760	0	1	1	2
19475602	19478823	0	0	1	2
19475602	19479081	0	0	0	2
19479571	19479824	0	0	0	1
19479571	19480156	0	0	0	1
19480019	19480156	0	0	1	1
19480217	19480684	0	0	0	1
19480217	19480951	0	0	0	1
19480779	19480951	0	0	0	1
19481045	19482688	0	0	0	1
19481045	19483860	0	0	2	1
19482827	19483860	0	0	0	1
19484005	19494325	0	0	0	1
19494382	19494472	0	0	0	1
19494382	19494505	0	0	0	1
19494382	19495979	0	0	0	1
19494602	19495979	0	0	0	1
19496028	19497383	0	1	0	1
19497447	19499099	0	0	0	1
19499151	19505360	0	0	0	1
19505481	19507384	0	0	0	1
19507517	19507764	0	0	0	1
19507863	19508527	0	1	0	1
19508691	19514747	0	0	0	1
19508691	19516525	0	0	0	1
19514887	19514963	0	0	0	1
19515048	19516525	0	0	1	1
19516645	19516779	0	0	0	1
19516645	19516812	0	0	2	1
19516645	19516815	0	0	0	1
19516893	19518842	0	0	0	1
19518908	19520478	0	1	1	1
19521033	19522705	0	0	1	2
19524542	19525153	0	0	0	2
19524542	19526515	0	0	1	2
19631126	19631717	0	1	1	2
19632166	19633445	0	1	0	2
19667199	19667444	0	0	1	1
19714631	19714779	0	0	0	1
19714791	19719600	0	0	0	1
19717442	19719597	0	3	3	1
19718571	19719600	0	0	1	1
19718816	19719598	0	2	0	1
19718817	19718939	0	1	0	1
19719698	19719804	0	0	0	1
19719892	19720113	0	0	1	1
19720238	19720318	0	0	0	1
19720453	19720639	0	1	0	1
19720454	19720547	0	0	0	1
19720666	19720766	0	0	0	1
19720869	19721638	0	0	0	1
19720869	19721820	0	0	0	1
19721734	19721829	0	2	0	1
19721736	19721820	0	0	0	1
19721957	19722235	0	0	0	1
19722339	19722426	0	0	0	1
19723577	19723850	0	2	0	1
19756745	19759556	0	0	1	1
19758988	19759556	0	0	1	1
19759675	19763237	0	2	0	1
19759677	19760903	0	0	1	1
19761280	19763239	0	0	0	1
19763342	19764153	0	0	0	1
19764326	19764956	2	1	0	1
19765112	19765755	0	1	0	1
19765824	19765899	0	1	0	1
19766002	19766387	0	0	0	1
19766002	19779218	0	0	1	1
19766002	19782911	0	0	1	1
19783031	19783311	0	1	1	1
19788626	19802101	0	0	0	2
19788960	19801999	0	0	1	2
19802215	19806656	0	1	0	2
19806757	19812283	0	0	0	2
19812447	19820596	0	0	0	2
19812447	19821226	0	0	0	2
19812447	19854441	0	0	1	2
19820723	19821226	0	0	0	2
19821375	19854441	0	0	1	2
19847389	19854441	0	0	1	2
19852486	19854441	0	0	0	2
19854538	19854657	0	1	2	2
19854539	19854680	0	0	0	2
19854539	19854818	0	0	2	2
19855106	19855599	0	1	4	1
19855712	19866805	0	0	0	1
19875805	19877036	0	2	0	2
19875807	19877107	0	0	0	2
19877212	19878088	0	0	0	2
19877234	19878088	0	0	0	2
19878187	19878364	0	0	0	2
19878437	19880177	0	0	1	2
19880271	19880620	0	0	0	2
19880271	19883323	0	0	0	2
19880716	19883322	0	1	0	2
19880717	19880854	0	0	0	2
19880717	19881034	0	0	1	2
19880717	19881079	0	0	2	2
19880945	19881034	0	0	0	2
19883461	19895405	0	0	0	2
19891760	19895405	0	0	1	2
19895200	19895405	0	0	0	2
19895320	19895405	0	0	1	2
19895581	19898037	0	0	0	2
19898130	19899047	0	0	0	2
19899067	19911374	0	1	1	2
19911071	19911375	0	0	0	2
19911447	19915212	0	0	0	2
19915276	19915763	0	0	2	2
19915843	19918141	0	0	2	2
19918217	19918858	0	0	0	2
19919002	19931026	0	2	1	2
19919004	19919541	0	0	1	2
19919599	19931028	0	0	0	2
19919599	19941699	0	0	0	2
19931095	19941699	0	0	0	2
19931097	19941698	0	1	0	2
19931098	19932355	0	0	0	2
19931098	19933432	1	0	0	2
19931098	19937981	0	0	0	2
19933730	19935837	0	0	0	1
19935899	19939087	0	0	1	1
19941575	19961197	0	0	0	1
19941897	19947305	0	0	0	1
19941897	19961197	0	0	1	1
19947490	19961197	0	0	0	1
19951052	19961197	0	0	1	1
19951654	19961197	0	0	0	1
19953948	19961196	0	1	0	1
19961288	19961694	0	1	0	1
19961289	19962231	0	0	1	1
19961289	19962525	0	0	0	1
19961874	19962525	0	0	1	1
19962815	19963564	0	0	0	1
19963225	19963563	0	1	0	1
19963369	19963562	0	2	0	1
19963758	19964107	0	1	1	1
19963759	19964166	0	0	0	1
19964298	19966623	0	1	0	1
19964299	19967162	0	0	0	1
19964299	19968534	0	0	0	1
19966717	19968533	0	1	0	1
19967620	19968533	0	1	1	1
19970743	19971214	0	0	0	2
19970743	19971884	0	0	0	2
19971335	19971884	0	0	0	2
19971971	19972356	0	0	0	2
19972411	19972735	0	0	1	2
19972827	19972923	0	0	0	2
19973035	19973116	0	1	0	2
19973317	19973641	0	0	0	2
19973791	19974108	0	2	0	2
19974239	19975684	0	0	1	2
19974278	19975684	0	0	0	2
19975757	19976704	0	0	0	2
19975757	19977413	0	0	0	2
19976723	19977413	0	0	0	2
19977586	19977956	0	0	1	2
19978075	19978895	0	0	1	2
19979080	19979741	0	0	1	2
19980242	19981209	0	0	0	2
19981736	19981930	0	1	0	2
19982089	19983669	0	2	2	2
19982089	19987069	0	2	0	2
19982091	19986649	0	0	0	2
19982091	19990583	0	0	2	2
19982091	20016587	0	0	0	2
19986682	19987070	0	1	0	2
19990812	20010453	0	0	1	2
20010507	20016586	0	1	1	2
20017191	20019178	0	1	0	1
20017192	20036758	0	0	0	1
20019299	20036758	0	0	0	1
20021134	20036758	0	0	0	1
20021246	20036758	0	0	0	1
20021298	20036758	0	0	0	1
20036852	20043351	0	2	0	1
20037094	20043353	0	0	0	1
20043443	20047968	0	0	0	1
20043443	20052463	0	0	0	1
20048325	20052460	0	3	0	1
20052584	20053358	0	0	0	1
20052584	20053435	0	0	2	1
20052584	20055941	0	0	0	1
20052584	20061528	0	0	0	1
20052584	20063336	0	0	0	1
20053550	20061527	0	1	3	1
20053550	20063335	0	1	1	1
20053551	20055941	0	0	1	1
20056013	20061172	0	0	0	1
20056013	20061528	0	0	0	1
20056013	20063336	0	0	0	1
20056013	20064540	0	0	1	1
20058473	20065144	0	0	0	2
20061681	20063336	0	0	0	1
20061683	20063336	0	0	0	1
20061702	20063332	0	4	0	1
20063127	20065143	0	1	1	2
20063147	20065144	6	2	0	2
20063150	20065144	0	0	1	2
20063153	20065144	0	0	0	2
20063442	20064540	0	0	0	1
20063597	20064539	0	1	0	1
20064923	20065493	0	1	0	2
20065278	20065875	0	2	0	2
20065279	20069040	0	1	0	2
20065279	20069968	0	1	0	2
20065280	20067012	0	0	0	2
20067249	20069041	0	0	1	2
20069164	20069969	0	0	2	2
20080383	20085685	3	1	2	1
20080383	20091433	0	0	0	1
20080682	20085682	0	3	0	1
20086104	20087160	0	0	1	1
20086683	20087160	0	0	0	1
20087321	20089667	0	0	0	1
20089811	20089974	0	0	0	1
20090258	20091433	0	0	0	1
20091632	20091867	0	0	0	1
20091970	20092807	0	0	0	1
20091970	20094711	0	0	0	1
20092907	20094711	0	0	0	1
20094795	20106175	0	0	0	1
20106277	20106590	0	0	1	1
20106684	20107268	0	1	1	1
20106698	20107269	0	0	1	1
20107398	20108888	0	0	0	1
20109003	20110023	0	0	0	1
20111259	20111787	0	0	0	2
20112794	20112909	0	0	0	2
20112794	20112954	0	0	0	2
20112794	20113430	0	0	2	2
20112816	20112909	0	0	0	2
20113007	20113116	0	0	0	2
20113233	20113429	0	1	0	2
20113506	20113683	0	1	0	2
20113560	20113683	0	1	0	2
20113808	20114572	0	0	2	2
20114679	20114757	0	2	0	2
20114685	20114759	0	0	0	2
20114876	20114963	0	0	0	2
20115077	20115262	0	2	0	2
20115446	20115669	0	1	0	2
20115554	20115670	0	0	0	2
20115780	20116036	0	0	0	2
20115780	20116056	0	0	0	2
20116394	20119010	0	1	0	1
20116430	20119011	0	0	2	1
20116611	20116880	0	1	0	2
20116612	20117027	0	0	1	2
20116972	20117095	0	0	0	2
20117664	20119011	0	0	0	1
20117912	20119011	0	0	0	1
20118016	20119011	0	0	1	1
20118131	20119011	0	0	0	1
20118312	20119010	0	1	0	1
20119148	20122261	0	1	0	1
20122421	20122578	0	0	0	1
20122421	20125306	0	0	1	1
20122695	20125304	0	2	0	1
20125436	20126301	0	0	0	1
20126368	20126950	0	0	1	1
20126368	20126953	0	0	0	1
20129542	20139192	0	0	1	1
20132051	20139192	0	0	1	1
20132051	20140615	0	0	1	1
20139315	20139476	0	0	3	1
20139633	20140613	0	2	0	1
20139635	20139718	0	0	0	1
20139892	20140113	0	0	0	1
20140217	20140615	0	0	0	1
20140708	20140869	0	0	0	1
20141012	20141215	0	0	0	1
20141337	20141419	0	0	0	1
20141530	20142754	0	0	0	1
20143755	20147018	0	1	0	1
20143756	20145227	0	0	0	1
20148800	20148873	0	0	0	2
20148923	20149184	0	1	0	2
20149244	20149410	0	0	0	2
20149476	20149579	0	0	0	2
20149640	20149722	0	0	0	2
20149780	20149953	0	0	0	2
20150058	20150140	0	1	0	2
20150249	20150465	0	1	1	2
20199250	20200052	0	1	0	2
20201326	20204331	0	0	1	2
20204499	20204651	0	0	0	2
20243109	20268996	0	1	0	2
20243110	20243404	0	0	1	2
20243110	20267607	0	0	0	2
20243110	20268069	0	0	0	2
20243110	20271588	0	0	1	2
20243110	20277739	0	0	0	2
20277833	20283041	0	0	0	2
20300030	20303265	0	2	0	1
20303306	20303719	0	0	0	1
20303800	20304834	0	0	0	1
20304917	20306463	0	0	0	1
20306557	20306677	0	0	0	1
20306825	20307784	0	0	0	1
20307961	20309288	0	0	0	1
20309388	20312887	0	0	3	1
20312965	20313040	0	1	0	1
20314823	20315333	0	1	0	2
20315474	20316115	0	2	0	2
20315476	20319637	0	0	0	2
20316219	20319637	0	0	0	2
20319785	20319876	0	1	0	2
20319799	20319877	0	0	0	2
20339016	20340995	0	0	0	1
20341054	20341521	0	1	0	1
20341548	20344492	0	0	1	1
20343514	20344230	0	1	1	2
20344580	20349484	0	0	1	1
20349551	20351553	0	0	0	1
20349604	20354131	0	0	0	2
20350931	20363623	0	0	0	2
20351616	20352080	0	0	0	1
20352111	20354334	0	4	1	1
20352115	20352509	0	0	0	1
20363674	20364184	0	0	0	2
20364317	20366565	0	0	0	2
20366734	20367546	0	0	1	2
20367643	20369427	0	0	0	2
20369575	20370118	0	0	0	2
20370197	20375486	0	2	0	2
20370199	20372534	0	0	0	2
20375634	20377152	0	1	0	2
20394334	20394561	0	0	0	1
20394334	20395331	0	0	1	1
20394661	20395330	0	1	3	1
20394662	20400630	0	0	0	1
20394662	20405375	0	0	0	1
20395418	20399593	0	0	0	1
20395418	20400630	0	0	0	1
20399689	20400629	0	1	2	1
20400758	20401275	0	0	0	1
20400758	20405375	0	0	1	1
20401372	20405375	0	0	0	1
20426282	20427396	0	0	0	2
20427550	20429223	0	0	0	2
20429339	20429533	0	1	0	2
20429354	20429533	0	1	1	2
20429652	20429727	0	1	0	2
20429833	20430427	0	0	0	2
20430556	20430687	0	1	0	2
20430557	20446441	0	0	0	2
20430908	20431016	0	0	0	2
20431537	20431743	0	0	0	2
20431846	20431928	0	0	0	2
20431988	20437580	0	0	0	2
20442438	20446441	0	0	0	2
20446675	20457805	0	1	0	2
20456466	20457805	0	1	0	2
20457999	20465331	0	1	0	2
20458000	20464856	0	0	1	2
20465574	20471346	0	2	0	2
20465623	20471348	0	0	0	2
20465623	20488983	0	0	0	2
20471515	20488983	0	0	0	2
20471515	20495758	0	0	0	2
20484105	20488982	0	1	0	2
20489035	20491849	0	0	0	2
20489212	20495758	0	0	1	2
20489244	20489766	0	0	0	2
20489244	20493146	0	0	0	2
20489244	20495758	0	0	0	2
20489852	20491132	0	0	0	2
20491231	20495758	0	0	0	2
20493217	20495758	0	0	1	2
20496035	20500738	0	1	0	1
20500836	20537115	0	0	1	1
20507735	20537115	0	0	0	1
20507745	20537114	0	1	0	1
20507746	20518876	0	0	0	1
20508444	20518876	6	1	0	1
20508444	20537115	0	0	0	1
20518995	20537115	0	0	0	1
20522207	20522729	0	0	0	2
20523024	20523649	0	2	1	2
20523855	20537115	0	0	2	1
20524366	20537115	0	0	1	1
20537204	20551434	0	0	2	1
20537204	20554934	0	0	0	1
20537215	20551434	0	0	1	1
20551164	20551432	0	2	1	1
20551346	20551433	0	1	1	1
20551487	20552537	0	0	0	1
20551487	20553143	0	0	0	1
20552709	20553143	0	0	0	1
20553174	20554934	2	0	4	1
20553174	20564448	0	0	0	1
20554995	20555075	0	0	1	1
20555148	20564448	0	0	0	1
20564687	20566464	0	1	0	1
20566816	20568518	0	1	0	1
20568630	20582608	0	1	0	1
20568630	20582837	0	1	1	1
20568631	20575111	0	0	0	1
20575232	20582609	0	0	1	1
20582747	20582838	0	0	0	1
20582966	20583110	0	1	0	1
20583247	20583328	0	0	3	1
20583392	20584356	0	1	0	1
20584424	20584852	0	1	1	1
20584424	20585098	0	1	1	1
20585015	20585099	0	0	0	1
20585267	20585726	0	0	0	1
20585826	20586566	0	0	1	1
20587746	20587827	0	0	0	2
20588010	20588805	0	0	1	2
20589025	20589828	0	1	1	2
20590009	20590877	0	0	0	2
20590906	20591954	0	0	0	2
20602872	20603029	0	0	0	2
20603159	20603926	0	0	0	2
20604063	20604314	5	0	0	2
20604548	20604895	0	0	0	2
20605100	20606176	0	0	1	2
20606276	20606731	0	0	0	2
20606822	20607409	0	0	0	2
20607556	20610627	0	0	0	2
20610715	20613661	0	0	0	2
20613735	20616308	0	0	2	2
20616441	20621260	0	1	0	2
20616442	20621540	0	0	1	2
20621417	20621540	0	0	0	2
20621594	20621697	0	0	0	2
20621801	20621925	0	0	1	2
20621801	20622483	0	0	0	2
20622125	20622706	0	1	0	2
20622559	20622707	0	0	0	2
20622850	20624096	0	1	0	2
20622851	20626094	0	0	1	2
20624185	20626094	0	0	0	2
20626178	20627160	0	1	0	2
20627813	20638609	0	0	0	2
20638430	20638608	0	1	0	2
20638775	20638887	0	1	0	2
20639220	20656862	0	0	0	2
20668220	20670459	0	0	0	2
20691424	20694792	0	0	4	1
20694997	20696033	0	0	0	1
20696097	20696803	0	0	3	1
20696911	20698916	0	0	0	1
20698050	20698769	0	1	1	2
20702304	20702582	0	2	0	1
20702460	20702584	0	0	0	1
20702708	20702841	0	1	1	1
20702709	20702828	0	0	0	1
20702709	20703004	0	0	0	1
20702893	20703004	0	0	0	1
20703122	20703466	0	0	0	1
20703122	20703631	0	0	0	1
20703524	20703631	0	0	1	1
20703692	20703817	0	0	1	1
20703692	20703966	0	0	2	1
20703751	20703966	0	0	0	1
20703882	20703965	0	1	0	1
20704040	20704186	0	0	1	1
20704056	20704186	0	0	0	1
20704228	20704309	0	0	0	1
20708098	20709294	0	0	0	2
20709378	20709905	0	1	0	2
20709499	20709906	0	0	0	2
20709997	20710697	6	0	0	2
20710857	20711338	0	1	0	2
20711438	20712484	2	0	0	2
20711461	20712484	5	2	0	2
20711476	20712505	0	1	0	2
20712608	20712688	0	3	1	2
20712797	20713279	0	0	0	2
20713390	20714456	0	0	0	2
20714528	20714626	0	0	2	2
20714700	20717706	0	0	0	2
20717778	20718691	0	0	0	2
20718822	20721296	0	0	1	2
20721418	20726486	0	0	1	2
20721418	20726496	0	0	0	2
20726541	20727228	0	0	0	2
20727397	20727772	0	0	0	2
20727863	20729310	0	1	0	2
20729506	20729630	0	0	0	2
20729711	20729890	0	0	2	2
20730011	20732969	0	0	0	2
20733096	20733732	0	2	0	2
20733840	20734038	0	3	0	2
20734194	20734393	0	0	1	2
20734552	20742225	0	1	0	2
20734553	20736407	0	0	0	2
20742354	20742605	0	1	0	2
20742764	20744626	0	0	0	2
20744720	20747581	0	0	0	2
20747701	20749902	0	1	0	2
20749994	20751291	0	0	0	2
20751376	20751672	0	0	0	2
20751754	20752900	0	1	0	2
20753026	20753107	0	1	0	2
20753180	20761302	0	0	0	2
20761384	20764813	0	2	0	2
20764950	20765098	0	0	0	2
20765236	20765583	0	0	0	2
20765693	20793191	5	0	0	2
20774145	20779295	0	0	0	1
20780200	20783969	0	1	0	1
20784245	20786002	0	0	0	1
20786148	20786873	0	0	1	1
20793242	20793332	0	1	0	2
20793242	20796143	0	1	0	2
20796314	20798582	0	0	0	2
20798687	20799091	0	0	1	2
20799276	20799669	0	0	0	2
20799766	20801971	0	0	1	2
20802105	20803189	0	0	1	2
20803320	20804298	0	0	2	2
20804400	20804972	0	0	0	2
20805165	20807360	0	0	0	2
20807458	20810965	0	0	1	2
20811032	20813356	0	0	1	2
20813506	20818481	0	0	0	2
20818549	20819639	0	0	1	2
20819900	20820537	0	0	0	2
20820611	20824324	0	0	0	2
20824414	20834560	0	0	0	2
20834655	20838613	0	0	0	2
20838731	20858568	0	0	0	2
20838731	20859121	0	0	1	2
20859347	20870335	0	0	0	1
20859640	20870335	0	0	0	1
20870533	20881047	0	0	0	1
20881133	20883468	0	1	0	1
20883569	20887677	0	0	0	1
20889262	20890897	0	1	0	2
20918245	20933777	0	0	0	1
20934244	20949709	0	0	0	1
20949927	20953204	0	0	0	1
20957486	20964389	0	0	0	1
20965207	20966504	0	0	0	1
20965207	20967803	0	0	0	1
20965475	20966504	0	0	0	1
20966545	20967802	0	1	0	1
20967303	20967791	0	0	0	1
20967303	20967803	0	0	0	1
20967975	20973287	0	0	1	1
20967975	20973305	0	0	0	1
20967975	20973369	0	0	0	1
20973518	20974059	0	2	1	1
20973520	20973756	0	0	0	1
20973867	20974061	0	0	0	1
20974172	20974250	0	0	2	1
20974294	20974521	0	2	0	1
20974621	20974702	0	0	0	1
20974621	20974726	0	0	2	1
20974815	20975689	0	1	0	1
20975777	20976212	0	1	0	1
20976306	20976406	0	0	0	1
20976538	20976649	0	0	0	1
20976766	20976865	0	0	0	1
20976938	20977030	0	0	1	1
20977093	20977884	0	2	1	1
20977095	20977698	0	0	2	1
20977095	20977704	0	0	0	1
20977776	20977886	0	0	1	1
20978005	20979269	0	0	0	1
20979367	20979623	0	2	1	1
20979702	20980018	0	0	1	1
20980124	20980745	0	0	0	1
20980124	20980990	0	0	0	1
20980124	20983025	0	0	0	1
20980761	20980984	0	6	2	1
20982571	20983025	4	2	0	1
20982576	20983025	0	0	1	1
20983088	20985838	0	1	0	1
20983088	20987501	0	1	0	1
20983122	20985839	0	0	0	1
20985897	20987502	0	0	0	1
20985897	20988008	0	0	1	1
20986174	20988008	0	0	1	1
20987581	20988006	0	2	0	1
20988118	20988787	0	0	0	1
20988118	20989623	0	0	0	1
20988872	20989623	0	0	0	1
20989682	20990384	0	0	0	1
20990524	20991625	0	1	1	1
20990969	20991626	0	0	1	1
20991829	20992212	0	0	0	1
20992369	20992792	0	0	0	1
20992897	20993660	0	0	0	1
20992904	20993660	0	0	0	1
20993466	20993658	0	2	0	1
20993754	20993922	0	0	0	1
20994019	20994102	0	0	0	1
20994269	20994556	0	0	0	1
20994269	20994672	0	0	0	1
20994727	20994868	0	0	0	1
20994727	20994913	0	0	0	1
20995026	20995366	0	0	0	1
20995026	20995744	0	0	0	1
20995026	20995761	0	0	1	1
20995483	20995743	0	1	0	1
20995871	20995960	0	1	0	1
20996112	20996694	0	0	0	1
20996800	20996883	0	1	0	1
20996801	20997230	0	0	0	1
20996966	20997230	0	0	1	1
21000431	21000644	0	1	0	2
21000729	21001254	0	0	0	2
21000787	21001254	0	0	2	2
21001411	21001830	0	0	1	2
21001910	21002083	0	1	0	2
21002829	21002916	0	0	0	1
21002829	21008665	0	0	2	1
21002829	21009348	0	0	0	1
21003177	21008777	0	0	1	2
21009448	21011381	0	1	0	2
21009453	21011382	0	0	0	2
21009876	21015940	5	0	0	1
21011590	21013040	0	0	2	2
21011590	21013780	0	0	0	2
21013183	21029333	0	1	0	2
21013184	21013780	0	0	0	2
21015260	21015940	0	0	2	1
21015333	21015940	0	0	3	1
21015338	21015940	2	0	0	1
21016092	21017919	0	0	0	1
21016092	21017987	0	0	2	1
21016092	21022940	0	0	3	1
21018059	21022939	0	1	0	1
21018060	21022674	4	1	0	1
21022751	21022940	0	0	0	1
21023035	21023116	0	0	0	1
21023196	21023271	0	2	0	1
21023415	21023506	0	1	0	1
21023618	21025803	0	0	0	1
21025897	21026008	0	1	0	1
21026076	21026250	0	0	0	1
21026329	21026418	0	0	3	1
21026957	21027506	0	0	0	1
21029229	21029333	0	1	0	2
21029444	21029709	0	0	0	2
21030351	21030829	0	0	0	2
21031503	21042701	0	0	0	1
21031852	21032529	0	0	0	2
21031852	21032708	4	0	0	2
21031855	21032529	0	0	0	2
21035436	21042341	0	0	0	2
21042414	21044147	0	0	0	2
21043055	21043905	0	0	0	1
21044297	21044958	0	2	1	2
21044299	21044882	0	0	1	2
21046125	21047354	0	0	0	1
21047497	21047881	0	1	0	1
21048016	21048949	0	0	0	1
21049153	21049308	0	4	0	1
21049156	21052246	0	1	0	1
21049456	21052247	0	0	1	1
21052358	21053358	0	0	0	1
21053475	21053806	3	0	0	1
21053475	21055096	0	0	1	1
21053997	21055096	0	0	1	1
21055175	21056933	0	1	0	1
21055176	21057103	0	0	0	1
21057200	21060371	0	0	1	1
21060577	21061722	0	0	1	1
21065686	21066949	0	0	0	1
21067092	21067414	0	0	1	1
21068076	21069799	0	0	2	1
21071212	21080876	0	3	0	2
21103225	21106131	0	1	0	1
21103226	21115927	0	0	0	1
21106245	21115927	0	0	0	1
21115999	21117120	0	2	0	1
21116068	21117122	0	0	0	1
21116187	21117078	0	0	0	2
21117257	21118201	0	1	0	1
21117258	21118039	0	0	1	1
21117258	21118785	0	0	0	1
21117258	21120802	0	0	0	1
21117993	21118649	0	1	0	2
21118309	21118785	0	0	0	1
21118780	21120812	0	0	0	2
21118948	21119666	0	1	0	1
21118948	21120348	0	1	0	1
21118948	21120801	0	1	0	1
21118949	21121929	0	0	0	1
21120920	21121974	0	0	1	2
21122351	21122725	0	0	3	2
21167969	21169944	0	0	0	1
21170004	21170471	0	0	0	1
21170496	21171078	0	1	0	1
21170497	21173442	0	0	0	1
21170605	21173442	0	0	2	1
21171207	21173441	0	1	0	1
21173530	21178429	0	0	1	1
21178496	21180494	0	0	0	1
21178548	21179757	0	1	1	2
21180557	21181021	0	0	0	1
21181055	21181449	0	1	1	1
21181055	21183268	0	1	1	1
21181056	21186119	0	0	0	1
21185587	21186119	0	0	0	1
21186192	21186417	0	1	3	1
21186460	21186921	0	0	0	1
21187076	21191719	0	1	0	1
21193415	21203452	0	0	0	2
21208284	21208587	0	0	0	2
21208701	21208781	0	1	0	2
21208896	21208997	0	0	2	2
21209096	21209357	0	0	1	2
21209126	21209357	0	0	0	2
21209546	21213063	0	0	0	2
21209568	21213063	0	0	1	2
21213201	21213723	0	0	0	2
21213873	21215922	0	1	0	2
21213874	21216473	0	0	0	2
21216078	21216469	0	0	0	2
21216667	21221026	0	0	3	2
21216667	21221864	0	0	0	2
21216667	21225389	0	0	0	2
21221131	21221864	0	0	0	2
21221952	21222082	0	0	0	2
21221952	21225389	0	0	0	2
21222214	21225389	0	0	0	2
21225558	21226103	0	0	1	2
21225561	21226103	0	0	0	2
21226180	21228757	0	1	0	2
21226278	21226592	0	0	0	2
21226386	21226592	0	0	0	2
21226661	21228757	0	1	0	2
21226664	21228757	0	1	0	2
21229138	21239882	0	0	0	2
21229138	21259398	0	0	0	2
21229138	21277790	0	0	1	2
21277895	21282317	0	0	0	2
21290846	21291564	4	1	0	2
21291727	21292203	0	1	1	2
21292310	21293254	0	1	0	2
21293391	21294444	0	1	0	2
21301422	21306065	0	2	0	2
21306223	21306684	0	0	0	2
21306726	21306951	0	0	0	2
21307025	21307557	0	0	0	2
21307025	21311738	0	0	0	2
21309524	21311738	0	0	0	2
21311344	21311738	0	0	0	2
21311772	21312236	0	1	0	2
21312299	21314297	0	1	0	2
21313036	21314245	0	0	2	1
21314365	21319268	0	0	0	2
21319356	21321590	0	0	0	2
21319356	21322193	0	0	0	2
21319356	21322301	0	0	0	2
21321719	21322301	0	0	0	2
21322327	21322794	0	0	1	2
21322854	21324829	0	0	0	2
21322984	21324829	0	0	0	2
21354849	21355699	0	0	0	1
21355759	21356950	0	0	0	1
21357045	21357890	0	1	2	1
21370274	21370514	0	0	0	1
21370660	21371147	0	0	0	1
21371312	21371775	0	0	0	1
21417560	21442757	0	0	1	1
21420756	21442756	0	1	0	1
21442855	21444918	0	2	0	1
21467614	21467892	0	0	0	1
21467768	21467892	0	0	1	1
21468014	21468147	0	3	0	1
21468015	21468350	0	2	1	1
21468017	21468313	0	0	0	1
21468200	21468350	0	2	0	1
21468202	21468313	0	0	0	1
21468431	21468777	0	0	0	1
21468835	21468942	6	0	1	1
21469002	21469127	0	1	0	1
21469003	21469272	0	0	0	1
21469027	21469128	6	0	0	1
21469062	21469272	0	0	0	1
21469194	21469272	0	0	0	1
21469344	21469490	0	2	0	1
21469532	21469638	0	2	0	1
21469534	21469615	0	0	0	1
21473405	21474595	0	0	1	2
21474680	21475209	0	0	2	2
21474800	21475209	0	0	0	2
21475300	21475990	0	0	0	2
21475300	21476000	0	0	0	2
21476160	21476642	0	0	0	2
21476160	21477788	0	0	1	2
21476741	21477788	0	0	0	2
21476764	21477788	0	0	1	2
21477915	21477995	0	0	0	2
21478101	21478583	0	0	0	2
21478161	21478583	0	0	0	2
21478694	21479757	0	0	1	2
21479829	21479928	0	0	1	2
21480000	21483016	0	2	0	2
21483090	21484003	0	0	1	2
21484134	21486798	0	0	0	2
21486927	21487563	0	0	0	2
21486975	21487563	0	0	0	2
21487672	21487870	0	0	1	2
21488022	21488221	0	1	0	2
21488379	21491990	0	2	0	2
21492091	21514129	0	3	1	2
21492094	21514128	0	0	0	2
21492094	21517323	0	0	0	2
21549650	21592859	0	0	0	1
21567770	21610854	0	1	2	1
21567771	21592859	0	0	6	1
21568377	21592859	0	0	0	1
21592956	21610855	0	0	0	1
21611042	21614554	0	1	1	1
21611042	21621512	0	1	0	1
21614665	21621513	0	0	0	1
21628787	21629008	0	0	1	2
21628787	21629306	0	0	1	2
21629187	21629306	3	1	0	2
21629407	21629541	0	0	1	2
21629407	21629600	0	0	1	2
21629761	21629849	0	0	1	2
21632827	21632978	0	0	2	1
21632827	21633118	0	0	0	1
21633252	21634019	0	1	0	1
21634570	21634683	4	1	0	1
21635265	21636429	0	1	0	1
21642523	21642860	0	0	0	1
21643057	21643891	0	1	0	1
21652330	21654010	0	1	0	1
21652331	21653340	0	0	0	1
21653466	21654011	0	0	0	1
21654165	21654422	0	2	1	1
21654166	21658263	0	1	0	1
21657972	21658264	0	0	0	1
21658388	21660834	0	1	2	1
21658461	21658640	0	1	0	1
21658686	21660835	0	0	0	1
21661021	21669911	0	0	0	1
21666131	21669332	0	0	0	1
21666131	21669911	0	0	0	1
21666131	21670564	0	0	2	1
21669426	21669911	0	0	0	1
21669958	21670293	0	4	0	1
21669960	21670562	0	2	0	1
21669962	21670262	0	0	0	1
21670360	21670564	0	0	0	1
21670376	21670564	0	0	0	1
21670609	21670993	0	2	0	1
21670611	21672328	0	0	0	1
21670853	21670995	0	0	0	1
21671059	21672328	0	0	0	1
21672378	21675059	0	3	2	1
21672380	21681296	0	1	0	1
21672381	21673511	0	0	1	1
21675115	21681297	0	0	0	1
21681390	21682435	5	2	0	1
21682526	21683180	0	0	0	1
21683257	21684751	0	0	1	1
21684913	21685636	0	0	0	1
21684913	21686481	0	0	0	1
21684913	21686890	0	0	0	1
21685682	21685941	0	0	0	1
21685725	21686480	0	1	1	1
21686558	21686890	0	0	0	1
21686998	21687641	0	0	3	1
21687085	21687641	0	0	0	1
21687732	21688071	0	0	0	1
21688104	21688728	0	2	1	1
21688849	21691383	0	0	0	1
21688849	21693814	0	0	0	1
21691496	21693813	0	1	0	1
21692853	21693089	0	2	0	1
21693871	21694590	0	1	0	1
21694665	21694753	0	0	0	1
21694817	21694935	0	0	0	1
21694966	21695392	0	0	0	1
21695070	21695392	1	0	0	1
21695070	21695396	1	0	0	1
21695486	21695865	0	0	1	1
21695492	21696029	0	0	0	1
21695492	21696745	0	0	3	1
21695496	21695841	0	0	0	1
21695496	21695865	0	0	1	1
21695496	21696029	0	0	0	1
21695496	21696745	0	0	0	1
21695496	21696883	0	0	0	1
21696905	21697334	0	0	0	1
21701218	21703368	0	0	0	2
21703478	21703837	0	0	0	2
21703882	21710626	0	0	0	2
21704125	21710485	0	0	0	2
21704125	21710626	0	0	0	2
21710908	21735613	3	0	0	2
21713501	21713785	0	0	0	1
21738339	21743861	0	1	0	2
21764240	21769193	0	0	0	2
21769320	21772871	0	0	1	2
21772981	21788691	0	1	1	2
21772982	21788255	0	0	1	2
21788387	21788691	0	1	0	2
21788808	21799010	0	0	1	2
21799128	21805848	0	0	0	2
21806038	21807661	0	1	2	2
21807846	21867320	0	0	1	2
21817168	21834768	0	0	0	1
21923471	21925567	0	0	0	2
21925028	21925567	0	0	0	2
21925662	21925958	0	0	2	2
21925662	21931146	0	0	0	2
21931291	21933389	0	0	0	2
21932775	21933389	0	0	0	2
21933579	21934022	0	0	0	2
21934224	21938200	0	2	0	2
21934226	21937671	0	0	0	2
21934226	21939530	0	0	0	2
21937215	21938201	0	1	0	2
21939613	21941100	0	0	0	1
21939680	21940573	0	0	0	2
21939680	21945841	0	0	1	2
21941218	21942577	0	2	0	1
21946108	21952790	0	0	0	2
21952148	21952790	0	0	0	2
21957594	21958489	0	1	0	2
21958691	21959128	0	2	0	2
21959232	21959585	0	0	0	2
21959736	21960319	0	0	0	2
21960449	21962427	0	0	0	2
21962602	21962745	0	0	0	2
21962893	21963921	0	0	1	2
21963020	21963921	0	0	1	2
21964028	21964159	0	0	1	2
21964315	21965283	0	0	0	2
21965371	21967597	0	4	1	2
21967716	21968617	6	1	0	2
21968775	21970208	0	0	0	2
21970406	21970978	0	0	1	2
21970406	21971875	0	0	1	2
21971061	21971875	0	0	1	2
21971950	21972609	0	1	0	2
21972718	21974355	0	0	0	2
21974487	21975637	0	1	0	2
21975744	21982728	0	0	0	2
21975806	21975902	0	1	0	2
21975806	21975978	0	1	0	2
21975806	21982197	0	1	1	2
21975807	21982412	0	0	0	2
21975807	21982728	0	0	0	2
21975953	21982728	0	0	1	2
21976186	21982727	0	1	0	2
21976187	21982412	0	0	0	2
21982449	21982728	0	0	2	2
21991754	21994142	0	0	0	2
21994773	21995131	0	0	0	2
21995432	22023292	0	0	0	2
21995432	22026220	0	0	0	2
22023429	22025170	0	1	0	2
22026121	22026248	0	0	0	1
22026129	22026220	0	0	1	2
22026327	22043680	0	0	0	2
22031041	22031160	0	1	0	1
22032796	22032900	0	0	1	1
22036494	22039435	0	0	0	1
22038688	22038796	0	0	0	1
22061124	22061244	0	0	0	1
22070270	22070392	0	0	0	1
22079815	22079924	2	0	1	1
22086606	22086714	0	0	2	1
22098801	22098899	0	5	0	1
22104047	22104423	0	0	0	1
22115245	22117483	0	0	0	2
22155711	22155790	0	0	1	1
22162249	22162369	0	1	3	1
22195844	22195968	0	0	0	1
22198603	22198712	0	1	0	1
22201720	22201837	0	0	2	1
22214852	22214963	0	0	0	1
22219689	22219808	0	0	0	1
22229325	22229833	0	0	0	2
22244859	22244944	0	0	0	1
22244859	22244958	0	0	3	1
22294079	22294616	0	2	0	1
22298210	22303221	0	1	0	1
22303297	22303941	0	0	1	1
22304114	22306831	0	0	0	1
22307019	22307102	0	2	3	1
22307245	22307531	2	0	0	1
22307285	22307531	0	0	1	1
22307591	22308695	0	0	0	1
22308819	22309734	0	0	1	1
22309883	22310224	0	0	0	1
22310401	22318897	0	0	1	1
22318777	22318897	0	0	2	1
22319251	22321349	0	0	0	1
22321871	22322661	0	0	0	1
22322553	22322661	0	0	0	1
22323030	22323675	0	0	0	1
22323930	22328891	0	1	0	1
22327396	22327505	0	0	0	1
22343269	22343405	0	0	1	1
22352985	22353109	0	0	1	1
22357840	22357954	0	0	0	1
22369693	22369781	0	0	0	1
22376057	22376179	0	2	1	1
22380925	22381039	0	0	0	1
22395097	22395183	0	0	0	1
22397076	22397187	0	0	0	1
22404305	22404413	0	0	0	1
22409862	22409971	0	0	0	1
22425869	22425977	0	0	0	1
22427590	22427711	0	0	0	1
22432041	22432155	0	2	1	1
22450235	22450345	0	0	0	1
22485978	22486859	0	0	2	2
22489465	22494060	0	1	2	2
22494180	22507808	0	0	0	2
22507870	22508657	0	0	0	2
22515701	22520087	0	0	1	2
22548643	22549724	3	0	1	2
22550334	22550765	0	0	1	2
22551088	22553827	0	1	0	2
22551089	22552807	0	0	0	2
22551089	22555834	0	0	0	2
22551089	22556810	0	0	0	2
22551089	22557543	0	0	0	2
22552950	22556809	0	1	0	2
22556909	22557543	0	0	0	2
22556930	22557543	0	0	0	2
22556977	22557543	0	0	0	2
22557086	22557543	0	0	0	2
22557578	22558967	0	2	0	2
22557580	22559173	0	0	0	2
22559406	22562860	0	1	0	1
22562971	22563664	0	1	0	1
22588258	22588379	0	0	0	1
22594609	22594754	0	0	0	1
22604480	22604903	0	0	1	1
22618611	22618904	0	0	0	1
22630123	22630958	0	1	1	1
22631070	22632320	0	0	0	1
22632461	22633515	2	0	0	1
22632580	22633471	0	0	0	2
22633648	22634592	0	3	0	1
22634702	22635179	0	0	0	1
22635343	22636062	0	0	0	1
22639328	22642690	0	0	0	2
22644647	22646310	0	0	1	1
22644707	22646331	0	1	1	1
22644708	22646310	0	0	0	1
22644814	22646310	0	0	1	1
22646521	22646752	5	1	0	1
22646881	22646981	0	0	2	1
22646881	22647139	0	0	0	1
22647038	22647139	0	0	0	1
22647290	22647593	1	0	0	1
22664518	22664648	0	0	0	1
22668371	22668512	0	0	0	1
22673209	22673357	0	0	0	1
22686812	22686977	0	2	3	1
22693062	22693145	0	0	0	2
22694478	22694794	0	0	1	1
22697996	22698112	0	0	0	1
22704374	22704522	0	0	0	1
22711803	22712281	0	2	0	1
22712464	22712897	0	0	1	1
22720708	22720853	0	0	0	1
22734663	22734778	0	2	2	1
22747464	22747617	0	2	0	1
22757722	22759297	0	0	0	2
22758786	22758902	0	0	0	1
22771878	22772280	0	0	0	1
22786555	22787174	0	0	0	2
22791360	22796706	0	1	0	2
22791361	22818381	0	0	0	2
22792578	22792694	0	0	0	1
22796852	22818381	0	0	1	2
22811824	22811976	0	3	0	1
22816508	22816784	0	0	0	2
22816908	22818381	0	0	0	2
22818506	22818817	0	0	0	2
22819170	22819455	0	0	0	1
22822866	22822980	0	0	0	1
22871584	22871709	0	0	0	1
22880803	22881095	0	0	0	1
22888258	22895372	0	1	1	1
22888259	22893695	0	0	0	1
22888259	22893698	0	0	0	1
22893818	22895373	0	0	1	1
22990776	22994159	0	1	0	1
22994228	23008252	1	0	0	1
23059718	23061807	0	0	0	2
23061945	23063900	0	0	1	2
23064133	23134024	0	0	0	2
23070569	23095244	0	1	0	1
23070755	23095245	0	0	0	1
23096417	23123084	0	1	0	1
23122702	23123085	0	0	0	1
23124500	23134024	0	0	1	2
23131676	23134023	0	1	0	2
23134144	23138838	0	0	0	2
23136319	23138838	0	0	1	2
23136321	23138837	0	1	0	2
23138942	23140220	0	0	0	2
23140472	23141947	0	0	0	2
23140472	23144980	0	0	0	2
23145550	23146602	0	1	1	1
23146685	23150061	0	0	0	1
23150154	23152459	0	0	0	1
23150154	23153031	0	0	0	1
23152526	23153031	0	0	0	1
23153134	23155966	0	0	1	1
23156032	23157990	0	0	1	1
23158043	23158896	0	0	1	1
23158978	23159160	0	1	0	1
23159252	23160876	0	1	0	1
23160998	23161498	0	0	0	1
23179832	23242816	3	0	0	1
23182239	23253797	0	0	0	1
23198385	23199209	0	0	0	1
23198385	23253797	0	0	0	1
23199351	23253796	0	1	1	1
23242985	23253797	5	0	4	1
23251240	23253797	0	0	0	1
23253980	23260948	0	0	0	1
23261054	23261353	0	0	0	1
23261540	23268406	0	0	0	1
23261540	23271530	0	0	0	1
23268515	23271530	0	0	0	1
23271592	23273079	0	0	0	1
23273133	23273632	0	0	1	1
23273774	23283975	0	0	0	1
23284098	23285031	0	0	0	1
23285201	23287157	0	0	0	1
23287274	23288091	0	4	0	1
23288172	23289515	0	0	0	1
23289621	23290337	0	0	0	1
23289621	23292539	0	0	1	1
23290413	23292539	0	0	0	1
23292637	23309421	0	1	0	1
23292638	23295022	0	0	0	1
23295155	23302339	0	0	2	1
23295155	23309422	0	0	1	1
23306249	23307566	0	0	1	1
23306830	23309422	0	0	0	1
23307764	23309422	3	1	1	1
23309483	23309941	0	0	0	1
23309483	23310322	0	0	0	1
23310433	23311695	0	0	1	1
23311836	23312885	0	0	1	1
23311918	23312885	0	0	0	1
23313021	23313966	0	0	0	1
23313021	23314550	0	0	0	1
23314072	23314549	0	1	0	1
23314713	23315430	0	1	0	1
23326791	23328322	0	0	0	1
23359753	23363102	0	0	0	2
23363172	23366276	0	0	2	2
23366417	23370355	0	1	0	2
23366418	23368778	0	0	0	2
23368884	23370356	0	0	0	2
23370462	23373593	0	0	0	2
23370462	23373628	0	0	1	2
23373748	23376879	0	0	0	2
23377013	23380722	0	1	0	2
23377014	23381961	0	0	1	2
23382277	23387692	0	2	0	2
23391723	23392724	0	1	0	2
23391723	23399757	0	1	0	2
23392832	23393923	0	1	0	2
23393073	23393172	0	0	0	1
23393281	23393363	6	1	0	1
23393469	23393637	4	0	1	1
23393695	23393776	3	0	0	1
23393836	23393939	0	1	0	1
23394006	23394178	0	0	0	1
23394057	23398076	0	0	0	2
23394057	23399758	0	0	0	2
23394237	23394489	0	0	2	1
23394540	23394613	0	0	0	1
23398106	23399582	0	0	2	2
23400583	23401839	0	0	0	2
23400583	23402359	0	0	0	2
23401952	23402034	0	1	0	2
23401953	23402359	0	0	0	2
23402153	23402357	0	2	0	2
23434060	23434557	0	1	0	1
23434333	23434556	0	2	0	1
23434730	23434822	0	0	0	1
23446802	23460351	0	0	0	1
23458483	23460351	0	0	0	1
23462678	23467273	0	0	0	2
23467316	23469335	0	0	0	2
23469487	23469994	0	0	0	2
23470037	23470313	0	0	0	2
23470336	23470806	0	0	1	2
23471163	23473376	0	0	0	2
23473410	23473874	0	1	0	2
23473938	23480415	0	0	0	2
23480500	23482573	0	0	0	2
23482605	23483066	0	0	0	2
23483126	23486877	0	0	1	2
23510196	23511737	0	1	0	1
23512642	23513273	0	1	0	2
23537136	23538759	0	0	0	1
23538838	23544226	0	0	1	1
23544306	23546484	4	0	0	1
23567324	23568050	0	0	0	1
23568097	23568558	0	0	0	1
23568642	23572544	0	0	0	1
23568642	23573463	0	0	0	1
23572622	23573019	0	2	0	1
23573584	23574964	0	1	0	2
23573585	23579983	0	0	1	2
23575081	23579982	0	1	0	2
23575082	23579980	0	3	0	2
23581562	23583130	0	1	0	2
23583478	23583807	0	0	0	2
23607176	23608161	0	0	0	1
23608768	23613287	6	1	1	2
23613330	23613637	0	0	1	2
23613660	23614133	0	0	0	2
23614214	23616851	0	0	0	2
23616873	23617572	0	1	0	2
23617657	23619362	0	0	0	2
23619393	23620592	0	0	0	2
23620615	23622089	0	0	0	2
23622176	23624881	0	0	0	2
23624904	23625979	0	0	0	2
23626048	23631814	0	0	0	2
23630962	23631814	0	0	0	2
23631973	23632786	0	0	0	2
23632909	23635933	0	1	0	2
23636082	23637680	0	1	0	2
23637804	23638749	0	0	0	2
23638942	23640306	0	0	0	2
23638942	23659863	0	0	1	2
23640422	23652476	0	1	1	2
23640423	23659863	0	0	3	2
23649355	23649428	0	0	1	2
23649557	23652480	0	0	4	2
23652576	23652859	0	0	1	2
23652579	23652714	0	0	2	2
23652773	23652859	0	0	0	2
23652944	23653207	0	0	1	2
23652944	23659863	0	0	0	2
23653352	23659863	0	0	0	2
23659998	23683721	0	2	0	2
23660000	23686829	0	0	0	2
23660000	23686836	0	0	0	2
23660004	23714209	0	0	1	2
23678842	23683723	0	0	0	2
23683865	23700722	0	2	0	2
23683866	23686828	0	1	1	2
23683866	23690233	0	1	0	2
23683867	23686788	0	0	0	2
23683867	23686836	0	0	0	2
23683867	23690230	0	0	1	2
23683867	23695171	0	0	0	2
23686995	23687633	0	0	0	2
23686995	23690230	0	0	0	2
23686995	23690234	0	0	0	2
23688305	23688720	0	0	0	1
23688851	23690772	0	0	0	1
23688902	23690772	0	0	1	1
23690356	23694117	0	0	1	2
23690947	23692333	0	0	2	1
23692209	23692333	0	0	0	1
23692528	23692667	0	0	0	1
23692991	23693757	0	0	0	1
23693973	23694344	0	1	0	1
23694449	23694947	0	1	0	1
23695018	23696325	0	1	0	1
23695019	23696612	0	0	2	1
23695512	23700724	0	0	0	2
23695515	23705425	0	2	0	2
23695516	23700723	0	1	0	2
23696494	23696612	0	0	0	1
23696686	23697167	0	2	0	1
23697245	23697836	0	0	0	1
23697861	23698210	0	0	0	1
23698332	23698841	0	1	0	1
23698333	23698413	0	0	1	1
23698333	23698553	0	0	0	1
23698548	23698842	0	0	1	1
23698644	23698841	0	1	1	1
23700845	23705427	0	0	2	2
23705538	23709125	0	3	0	2
23709241	23709784	0	0	2	2
23709866	23714184	0	1	1	2
23709867	23717029	0	0	0	2
23714286	23715007	0	0	1	2
23714294	23715007	0	0	0	2
23714342	23715007	0	0	0	2
23714343	23714515	0	0	0	2
23714701	23715010	0	0	1	2
23715159	23717106	0	0	0	2
23715194	23717029	0	0	0	2
23715194	23717084	0	0	0	2
23715194	23717106	0	0	0	2
23745219	23750709	0	0	0	2
23753149	23754312	0	1	0	2
23753198	23754313	0	0	1	2
23763331	23764085	0	0	0	1
23764173	23764237	0	0	0	1
23764173	23764258	0	0	0	1
23764397	23764637	0	0	0	1
23764402	23764637	0	0	0	1
23764412	23764637	0	0	0	1
23764712	23764790	0	1	1	1
23764713	23765375	0	0	0	1
23764902	23765719	0	0	0	1
23765457	23765719	0	0	1	1
23766026	23766126	0	0	0	2
23766273	23767830	0	2	0	2
23766275	23767372	0	0	0	2
23766296	23767372	0	0	0	2
23767539	23767831	0	1	0	2
23767593	23767832	0	0	2	2
23768793	23771116	0	0	0	1
23768793	23771185	0	0	0	1
23768793	23779185	0	0	0	1
23771298	23779184	0	1	0	1
23771307	23779185	0	0	0	1
23772978	23779185	0	0	0	1
23777808	23779185	0	0	0	1
23779368	23780357	0	0	0	1
23779416	23780357	0	0	0	1
23779464	23780357	0	0	0	1
23780502	23780580	6	0	0	1
23780714	23780856	0	1	0	1
23781100	23781191	0	0	0	1
23781406	23781783	0	3	2	1
23781408	23782223	0	1	0	1
23781409	23782366	0	0	0	1
23781925	23782224	0	0	0	1
23782483	23783409	0	0	0	1
23787262	23791754	0	0	0	1
23787262	23800942	0	0	1	1
23791867	23793557	0	0	0	1
23791894	23793557	0	0	0	1
23793688	23800942	0	0	0	1
23793688	23803293	0	0	0	1
23800969	23803292	0	1	1	1
23801080	23803292	0	1	0	1
23801135	23803293	0	0	0	1
23801963	23803292	0	1	1	1
23803422	23816623	0	0	2	1
23803422	23816768	0	0	0	1
23816936	23818337	0	0	0	1
23816936	23825223	0	0	0	1
23825412	23833567	0	3	0	1
23833700	23834136	0	3	0	1
23834932	23836298	0	0	0	2
23834932	23837062	0	0	0	2
23836519	23837062	0	0	1	2
23836962	23837062	0	0	0	2
23837154	23837645	0	0	0	2
23837154	23837657	0	0	0	2
23837217	23837814	0	0	0	2
23837729	23838707	0	2	0	2
23837730	23838135	0	1	0	2
23837854	23838350	0	0	0	2
23838445	23838562	0	0	0	2
23838637	23838709	0	0	0	2
23838716	23838893	0	0	0	2
23838776	23838893	0	0	2	2
23856989	23862100	0	2	1	1
23856991	23857419	0	0	0	1
23857531	23862102	0	0	1	1
23858029	23862102	0	0	0	1
23858156	23862102	0	0	0	1
23862201	23866420	0	1	0	1
23862202	23867733	0	0	0	1
23862202	23868479	0	0	0	1
23867899	23868479	0	0	0	1
23868640	23875114	0	1	1	1
23868641	23870006	0	0	2	1
23868641	23875083	0	0	0	1
23868641	23875119	0	0	1	1
23875241	23877040	0	0	0	1
23877170	23882456	0	1	0	1
23877170	23882492	0	1	0	1
23877171	23877383	0	0	0	1
23877171	23877719	0	0	1	1
23877171	23894770	0	0	0	1
23877869	23882457	0	0	0	1
23882646	23882757	0	0	2	1
23882868	23883769	0	1	0	1
23882868	23883946	0	1	0	1
23882869	23883872	0	0	0	1
23883873	23883947	0	0	0	1
23884022	23884298	0	2	0	1
23884429	23884621	0	0	1	1
23884429	23884647	0	0	0	1
23894582	23894770	0	0	0	1
23894943	23895037	0	1	0	1
23895532	23895827	0	0	0	2
23896108	23926440	0	2	0	2
23896110	23898842	0	0	4	2
23926520	23973766	0	0	0	2
23927329	23927625	0	0	0	1
23928598	23929212	0	0	0	1
23940151	23941070	0	0	1	1
23941251	23942599	6	1	0	1
23950005	23952172	0	0	0	1
23952218	23953885	0	0	1	1
23957932	23958283	0	0	0	2
23957932	23958325	0	0	0	2
23958458	23958549	0	0	1	2
23958700	23960291	0	1	0	2
23960381	23961018	0	0	0	2
23963917	23964257	0	1	0	1
23967022	23967384	0	0	0	1
23967561	23971284	0	0	0	1
23971623	23973103	0	0	0	2
23971623	23973766	0	0	0	2
23973343	23973766	0	0	0	2
23973347	23973766	0	0	1	2
23973941	23974303	0	2	1	2
23974439	23976874	0	0	0	2
23974439	23979724	0	0	0	2
23974439	23980410	0	0	0	2
23977067	23977399	0	0	0	2
23977067	23980410	0	0	0	2
23977069	23977403	0	0	0	2
23977577	23987317	0	0	1	2
23980309	23980946	0	0	1	1
23981035	23982626	0	0	0	1
23982778	23982869	0	0	0	1
23983002	23983395	0	0	0	1
23983044	23983395	0	0	0	1
23987469	23989125	0	0	0	2
23989214	23991333	0	1	0	2
23998735	24000069	0	4	0	2
24000251	24001173	0	0	1	2
24000251	24003758	0	0	0	2
24001323	24003756	0	2	0	2
24003847	24004179	0	0	0	2
24003847	24005243	0	0	0	2
24004322	24005243	0	0	0	2
24006389	24007002	0	0	0	2
24007154	24008226	0	0	1	2
24011367	24035442	0	0	0	1
24011728	24035442	0	0	0	1
24035520	24036087	0	0	2	1
24036181	24038346	0	0	0	1
24038459	24042900	0	2	0	1
24038461	24041137	0	0	0	1
24041273	24042902	0	0	0	1
24043084	24049089	0	0	0	1
24049219	24054870	0	1	0	1
24049220	24050823	0	0	1	1
24050974	24054871	0	0	2	1
24055158	24056189	0	1	0	1
24056357	24059222	0	3	0	1
24059363	24059922	3	0	0	1
24060141	24061945	0	0	0	1
24062024	24062956	0	1	0	1
24063146	24064033	0	0	0	1
24064187	24066985	0	0	0	1
24067181	24070798	0	0	3	1
24071042	24072352	0	0	0	1
24072510	24076167	0	0	0	1
24076284	24083226	0	0	0	1
24083389	24084577	0	0	0	1
24084785	24085004	0	0	1	1
24085151	24087450	0	0	0	1
24087713	24091581	0	0	0	1
24091843	24095929	0	0	1	1
24096082	24098012	0	0	0	1
24098105	24113564	0	0	0	1
24098192	24113564	0	0	1	1
24098282	24113564	0	0	0	1
24101737	24102210	0	0	0	1
24102402	24103035	0	0	0	1
24113746	24119363	0	2	0	1
24119698	24134300	0	0	0	1
24134415	24164398	0	0	0	1
24156075	24164397	0	1	0	1
24156576	24160328	0	0	0	1
24160403	24162061	0	3	0	1
24162215	24164398	0	0	0	1
24164563	24165528	0	0	1	1
24165626	24166637	0	0	0	1
24167313	24168445	0	0	0	1
24168521	24171711	0	0	1	1
24171995	24173075	0	0	0	1
24171995	24176109	0	0	0	1
24171995	24177502	0	0	0	1
24176275	24177502	0	0	1	1
24177817	24178051	0	0	1	1
24181595	24183055	0	0	0	1
24183266	24183492	0	1	0	1
24183646	24184134	0	0	1	1
24184303	24184764	0	0	3	1
24184939	24185091	0	1	0	1
24185295	24185484	0	0	3	1
24185570	24185658	0	1	0	1
24185929	24186014	0	0	1	1
24186159	24186255	0	0	0	1
24186414	24187199	0	1	0	1
24187449	24187568	0	1	3	1
24187843	24187957	0	0	4	1
24188135	24188223	0	0	0	1
24188326	24188409	0	1	0	1
24220116	24220490	0	0	0	2
24220116	24224994	0	0	0	2
24220584	24224994	0	0	0	2
24225106	24225243	0	0	0	2
24225411	24225544	0	0	0	2
24225413	24225543	0	1	3	2
24225652	24226074	0	0	0	2
24226266	24226629	0	0	0	2
24226767	24231382	1	0	0	2
24231530	24232049	0	0	0	2
24232207	24232820	0	1	1	2
24233018	24233496	0	0	0	2
24233018	24233872	0	0	0	2
24233018	24244551	0	0	0	2
24233591	24233870	0	2	1	2
24234004	24244551	0	0	0	2
24248218	24248521	0	0	0	2
24248636	24248716	0	0	1	2
24248830	24248930	0	0	1	2
24249056	24249287	0	2	0	2
24253398	24256751	0	0	0	1
24256958	24257994	0	1	3	1
24256959	24258765	0	0	1	1
24258059	24258765	0	0	0	1
24258873	24260906	0	0	1	1
24260018	24260737	0	0	0	2
24260901	24261376	0	0	0	2
24261035	24261690	0	1	0	1
24261483	24262427	0	0	0	2
24262562	24263616	0	1	0	2
24262607	24263498	0	0	1	1
24269675	24270007	0	0	0	2
24270982	24276697	0	1	0	1
24270983	24302193	0	0	1	1
24276803	24302193	0	0	0	1
24302383	24313310	0	1	0	1
24302384	24311992	0	0	2	1
24304452	24313311	0	0	0	1
24312131	24313311	0	0	0	1
24313465	24321285	0	1	0	1
24321322	24324217	0	1	0	1
24321323	24321403	0	0	0	1
24322917	24324217	0	1	0	1
24324427	24328844	0	0	2	1
24328919	24330254	0	0	0	1
24330431	24334408	0	0	0	1
24334573	24338384	0	0	1	1
24338476	24343479	0	1	0	1
24338477	24347084	0	0	0	1
24343602	24347083	0	1	0	1
24347176	24363259	0	0	0	1
24363344	24365474	0	0	0	1
24365632	24369216	0	0	0	1
24369320	24411586	0	0	0	1
24369320	24412646	0	0	0	1
24411703	24412645	0	1	0	1
24412707	24414532	0	0	0	1
24414744	24433129	0	0	0	1
24418259	24432619	0	0	1	1
24422699	24423769	0	0	1	1
24423628	24433129	0	0	0	1
24423957	24431532	0	0	0	1
24423957	24433129	0	0	0	1
24424555	24432618	0	1	0	1
24424556	24433129	0	0	0	1
24427726	24433129	0	0	2	1
24427726	24440581	0	0	0	1
24427746	24433129	0	0	0	1
24430364	24430895	0	0	1	2
24431562	24432260	0	0	0	2
24431633	24433128	0	1	0	1
24432368	24432619	0	0	2	1
24432368	24433129	0	0	0	1
24432434	24441990	0	0	4	2
24432726	24433129	0	0	0	1
24432895	24433129	0	0	0	1
24433736	24440581	0	0	0	1
24438758	24439292	0	0	0	2
24438758	24441990	0	0	0	2
24439567	24441990	0	0	0	2
24442140	24452209	0	0	0	2
24442140	24460451	0	0	0	2
24442140	24471766	0	0	0	2
24452328	24460451	0	0	0	2
24460770	24471765	0	1	0	2
24460771	24474981	0	0	0	2
24471895	24474981	0	0	0	2
24475153	24494688	0	0	0	2
24495506	24502123	0	1	0	1
24495507	24500105	0	0	0	1
24500277	24502123	0	1	0	1
24502213	24502335	0	0	0	1
24502213	24510747	0	0	2	1
24510843	24513322	0	0	0	1
24513485	24515199	0	0	0	1
24515369	24520384	0	1	0	1
24516752	24518150	0	0	0	1
24519930	24520385	0	0	0	1
24520467	24521983	0	1	0	1
24520468	24523617	0	0	0	1
24522028	24523617	0	0	0	1
24523773	24525709	0	0	0	1
24540973	24547906	0	0	2	2
24541061	24542931	0	1	1	2
24543096	24546911	0	1	0	2
24543097	24543840	0	0	0	2
24543100	24543840	0	0	0	2
24543100	24546912	0	0	1	2
24544082	24546911	0	1	0	2
24547004	24547905	0	1	1	2
24548072	24548914	0	1	0	2
24549001	24554947	0	0	0	2
24549001	24555613	0	0	0	2
24555136	24555613	0	0	0	2
24556071	24557655	0	0	0	1
24557799	24567981	0	1	0	1
24568034	24572013	0	3	0	1
24568176	24571914	0	0	0	1
24568176	24572016	2	0	0	1
24572017	24583680	0	0	0	1
24572059	24581928	0	2	0	1
24572060	24583679	0	1	1	1
24583808	24607952	4	1	0	1
24586410	24588211	0	1	1	2
24588329	24588677	0	0	0	2
24588329	24589819	0	0	0	2
24589265	24589819	0	0	0	2
24589393	24589819	0	0	0	2
24589613	24589819	0	0	1	2
24589948	24592214	0	1	0	2
24589949	24592861	0	0	0	2
24592421	24592859	0	2	0	2
24592423	24593176	0	0	1	2
24594886	24607952	0	0	0	1
24598205	24599185	0	1	0	1
24603320	24610355	0	1	1	1
24603321	24607952	0	0	0	1
24603335	24607952	0	0	0	1
24603527	24607952	0	0	0	1
24603527	24609963	0	0	0	1
24607732	24607952	0	0	0	1
24608020	24608985	0	3	1	1
24608023	24609960	0	0	1	1
24608023	24609963	0	0	0	1
24608023	24610356	0	0	3	1
24609231	24609963	0	0	0	1
24610033	24610248	0	0	0	1
24610033	24610356	0	0	0	1
24610335	24610411	0	1	0	1
24610336	24610453	0	0	0	1
24610531	24611073	0	0	1	1
24610531	24611076	0	0	0	1
24611245	24614774	0	0	0	1
24611245	24615039	0	0	1	1
24614906	24615039	0	0	2	1
24615126	24620325	0	1	1	1
24615127	24615860	6	0	3	1
24620518	24620909	0	2	2	1
24620520	24623105	0	0	0	1
24621070	24623105	0	0	1	1
24623256	24623778	0	0	0	1
24623915	24627429	0	1	0	1
24623916	24627408	0	0	2	1
24627276	24627428	0	2	2	1
24627278	24627408	0	0	0	1
24627618	24627849	0	1	0	1
24627979	24628079	0	0	0	1
24627979	24628237	0	0	4	1
24628136	24628237	0	0	3	1
24628193	24628273	0	0	0	1
24628387	24628690	0	1	0	1
24633442	24644737	0	1	0	1
24644799	24645634	0	0	0	1
24645745	24647001	0	0	0	1
24647074	24648195	0	1	0	1
24647142	24648196	0	0	1	1
24647261	24648152	0	0	1	2
24648331	24649857	0	1	0	1
24648332	24649276	0	0	2	1
24649068	24649723	0	0	0	2
24649383	24649858	0	0	0	1
24649853	24650157	0	0	1	2
24650022	24650741	0	0	0	1
24650022	24653004	0	0	0	1
24691561	24695845	0	0	0	2
24719588	24719746	0	0	0	2
24719895	24723128	0	0	0	2
24723254	24724884	0	1	0	2
24725037	24725443	0	0	0	2
24725515	24727948	0	0	0	2
24728053	24728175	0	0	1	2
24728374	24734082	0	0	0	2
24728401	24734082	0	0	0	2
24734156	24735706	0	0	0	2
24735892	24748905	0	0	0	2
24749021	24749402	0	0	0	2
24749521	24749691	0	0	0	2
24749819	24751385	0	0	0	2
24751498	24754012	0	0	0	2
24754217	24754782	0	0	0	2
24754864	24755782	0	0	0	2
24755905	24756489	0	0	2	2
24756705	24757906	0	0	1	2
24758039	24759867	0	0	0	2
24759987	24762394	0	2	1	2
24759989	24761877	0	0	1	2
24759989	24762305	0	0	1	2
24761961	24762396	0	0	0	2
24762519	24769667	0	2	0	2
24762520	24774319	0	1	1	2
24769785	24774316	0	4	0	2
24806343	24806438	0	1	0	1
24806484	24813676	0	0	0	1
24806484	24844895	0	0	0	1
24813755	24814007	0	0	2	1
24844972	24847632	0	0	0	1
24847796	24850278	0	0	0	1
24850432	24854994	0	0	1	1
24855060	24855280	0	3	1	1
24855430	24855547	0	0	0	1
24855680	24859714	0	0	1	1
24859840	24867091	0	0	0	1
24867159	24868373	0	1	0	1
24868539	24868721	0	0	2	1
24868854	24874412	0	1	0	1
24868854	24876574	0	1	0	1
24874579	24876575	0	0	0	1
24876715	24879460	0	0	0	1
24879526	24884051	0	0	0	1
24884198	24886598	0	0	0	1
24886728	24893429	0	0	0	1
24886728	24895221	0	0	0	1
24893611	24895219	0	2	1	1
24895291	24897970	0	0	0	1
24898559	24901831	0	0	0	1
24901956	24905102	0	1	0	1
24905186	24912640	0	1	1	1
24912752	24917656	0	0	0	1
24917754	24919824	0	0	0	1
24919993	24924184	0	0	0	1
24935594	24938146	0	1	1	2
24938287	24939333	0	0	0	2
24939450	24946569	0	1	0	2
24939552	24946570	0	0	1	2
24952771	25014427	0	1	0	1
24952772	25025631	0	0	0	1
25014566	25025631	0	0	0	1
25025783	25027942	0	1	0	1
25029540	25032607	0	0	0	1
25032694	25038756	0	2	0	1
25041525	25049228	0	0	0	1
25049362	25170816	0	2	0	1
25070415	25170817	0	1	0	1
25102918	25109999	0	0	0	2
25110118	25110956	0	0	0	2
25110997	25112185	0	0	0	2
25112423	25112615	0	0	0	2
25112462	25170818	0	0	1	1
25170938	25174238	0	0	0	1
25174489	25177346	0	0	0	1
25177521	25181696	0	1	2	1
25181823	25184975	0	0	0	1
25185119	25190700	0	0	0	1
25190784	25192404	0	0	1	1
25199909	25201375	0	0	1	1
25199909	25201379	0	0	1	1
25201471	25202672	0	0	0	1
25202790	25203759	0	2	0	1
25203894	25207044	0	1	0	1
25203895	25205218	0	0	1	1
25205361	25207044	0	1	0	1
25212840	25213301	0	0	1	1
25212840	25221402	0	0	0	1
25213358	25213502	0	0	1	1
25219666	25221402	0	0	0	1
25221483	25224916	0	0	0	1
25225036	25227851	0	0	0	1
25227985	25229434	0	0	0	1
25229578	25231602	5	1	0	1
25279695	25282029	0	0	0	2
25281385	25282029	0	0	0	2
25282291	25282608	0	0	0	2
25283055	25300713	0	0	0	1
25300791	25318255	0	0	0	1
25318374	25319764	0	1	0	1
25327736	25336129	0	2	0	1
25336199	25337269	0	1	0	1
25337293	25339888	0	0	0	1
25351813	25354593	0	1	0	2
25351901	25354593	0	1	0	2
25354812	25357253	0	0	2	2
25357425	25359824	0	1	0	2
25357426	25359914	0	0	0	2
25360222	25361206	0	1	0	2
25360223	25374166	0	0	0	2
25360223	25375811	0	0	1	2
25361319	25375811	0	0	0	2
25374298	25375810	0	1	2	2
25376008	25381379	4	0	0	2
25381577	25405199	0	1	0	2
25437656	25437776	0	0	0	2
25448283	25455709	0	1	0	1
25448284	25457257	0	0	1	1
25455839	25456155	0	1	0	1
25455840	25457257	0	0	0	1
25456303	25457256	0	1	1	1
25457401	25459414	0	0	1	1
25459514	25460864	0	1	0	1
25459515	25509181	0	0	0	1
25459515	25519921	0	0	0	1
25459515	25520680	0	0	0	1
25509342	25510035	0	0	1	1
25510070	25510627	0	0	0	1
25520162	25520680	0	0	1	1
25561498	25564088	0	0	0	2
25561498	25564355	0	0	0	2
25563196	25563295	0	6	0	2
25563480	25564087	0	1	1	2
25565153	25604375	0	0	1	1
25580584	25581065	0	0	0	2
25604453	25644590	0	0	1	1
25604453	25661574	0	0	0	1
25644664	25661573	0	1	0	1
25647792	25648135	0	0	1	1
25661677	25663628	0	0	0	1
25663704	25667737	0	0	0	1
25667800	25672294	0	0	0	1
25672345	25674433	0	2	0	1
25674527	25678813	0	1	0	1
25678915	25684517	0	0	0	1
25678915	25685168	0	0	0	1
25685248	25687535	0	0	1	1
25687667	25690187	0	0	0	1
25690283	25695105	0	0	0	1
25695214	25703508	0	0	3	1
25703576	25704107	0	0	0	1
25704209	25709896	0	0	0	1
25709964	25711066	0	0	0	1
25711163	25714406	0	0	1	1
25714570	25718243	0	0	0	1
25718381	25721282	0	0	0	1
25721397	25722287	0	0	0	1
25742293	25760982	0	0	1	1
25761131	25763229	3	0	1	1
25763389	25768113	0	0	2	1
25769428	25770108	0	0	1	1
25770175	25770869	0	1	0	1
25770984	25772332	0	0	0	1
25772509	25777580	0	1	0	1
25777781	25780054	0	0	0	1
25780198	25781732	0	0	0	1
25781834	25785426	0	0	1	1
25785491	25797951	0	0	0	1
25785491	25823503	0	0	1	1
25798097	25823503	0	0	0	1
25823678	25826407	0	0	0	1
25826499	25828774	0	0	0	1
25828967	25832914	0	1	0	1
25832997	25835291	0	0	0	1
25832997	25835294	0	0	0	1
25835443	25843733	0	0	0	1
25843894	25846098	0	0	0	1
25846283	25847428	0	0	1	1
25847652	25851468	0	0	0	1
25851579	25868318	0	0	0	1
25868385	25874284	0	0	0	1
25874414	25876187	5	1	1	1
25876329	25877954	0	3	0	1
25877300	25884713	0	1	0	2
25878048	25890754	0	0	0	1
25883700	25884714	0	0	0	2
25884882	25892224	0	1	0	2
25890875	25891302	0	0	0	1
25891412	25895154	0	0	0	1
25892640	25895096	0	0	0	2
25892640	25895109	0	0	1	2
25892640	25895336	0	0	0	2
25892640	25896271	0	0	0	2
25892640	25896994	0	0	0	2
25892640	25898382	0	0	0	2
25892640	25899714	0	0	0	2
25892640	25900363	0	0	0	2
25895267	25896273	0	1	0	2
25895268	25898382	3	0	0	2
25895268	25899714	3	0	1	2
25895268	25900268	0	0	0	2
25895280	25898305	0	0	1	1
25895370	25898382	0	0	2	2
25895370	25899714	0	0	0	2
25895370	25900823	0	0	0	2
25895498	25896271	0	0	1	2
25895498	25898382	0	0	1	2
25898044	25898382	0	0	0	2
25898441	25898602	0	0	0	2
25898441	25899714	0	0	0	2
25898461	25902611	0	0	1	1
25899618	25899714	0	0	0	2
25899883	25900267	0	1	0	2
25899884	25900363	0	0	3	2
25899884	25900677	0	0	0	2
25899884	25900823	0	0	0	2
25899884	25902984	0	0	0	2
25900328	25900822	0	1	0	2
25901501	25902611	0	0	1	1
25901526	25902611	0	0	2	1
25902736	25903629	0	0	0	1
25903830	25908319	0	1	3	1
25908432	25910944	0	0	0	1
25911050	25921255	0	0	0	1
25921409	25946135	0	0	0	1
25946250	25947710	0	0	0	1
25947828	25950365	0	0	1	1
25950449	25952283	0	1	0	1
25952421	25955175	0	2	0	1
25953619	25955176	0	1	1	1
25955364	25964790	0	0	0	1
25955364	25992361	0	0	0	1
25959322	25983302	0	1	0	2
25992493	26003263	0	0	0	1
25992493	26004716	0	0	0	1
26003309	26004716	0	0	0	1
26004855	26026443	0	0	0	1
26027690	26028339	0	0	0	1
26027690	26030441	0	0	5	1
26028594	26030440	0	1	0	1
26161879	26164160	0	0	0	1
26162142	26162227	0	0	0	2
26162281	26163142	0	1	1	2
26162282	26162747	0	0	0	2
26162425	26163143	0	0	0	2
26163285	26164048	0	1	0	2
26163286	26169001	0	0	0	2
26164519	26166778	0	1	0	2
26166907	26168999	0	2	3	2
26166909	26168647	0	0	0	2
26169763	26292404	0	0	0	1
26241411	26242750	0	0	0	2
26242854	26244334	0	1	0	2
26244494	26244615	0	1	0	2
26244689	26253972	0	0	0	2
26293146	26294290	0	0	0	1
26294425	26296886	0	0	0	1
26297078	26298980	0	2	1	1
26299169	26305977	0	0	0	1
26306143	26310667	0	1	0	1
26310835	26311765	0	1	1	1
26311961	26313761	0	1	0	1
26313901	26340433	0	1	0	1
26340632	26347717	0	0	0	1
26347913	26351050	0	0	0	1
26347913	26365370	5	1	0	1
26351243	26365370	5	0	0	1
26351243	26375573	0	0	0	1
26351243	26375576	0	0	1	1
26364956	26365370	0	0	0	1
26365565	26375578	0	1	0	1
26365566	26373449	0	0	0	1
26365566	26375573	0	0	0	1
26365566	26375576	0	0	0	1
26373483	26375573	0	0	0	1
26373483	26375576	0	0	0	1
26375686	26377668	0	3	0	1
26377775	26380264	0	0	0	1
26422228	26422543	0	1	0	2
26429485	26433389	0	1	0	1
26434501	26442457	0	0	1	1
26442572	26443095	0	0	1	1
26443552	26457857	0	0	1	2
26444694	26457857	0	0	0	2
26451821	26452747	0	0	0	2
26453404	26457857	0	0	0	2
26453404	26463915	0	0	0	2
26453970	26457855	0	2	0	2
26457966	26458442	0	1	0	2
26458576	26468548	0	1	0	2
26458577	26463915	0	0	0	2
26464443	26464589	0	0	0	2
26464826	26465453	0	0	0	2
26464826	26466049	0	0	0	2
26464826	26466224	0	0	0	2
26465550	26466048	0	1	0	2
26465551	26466224	4	1	1	2
26466104	26466224	0	0	0	2
26466260	26470715	0	2	1	2
26466262	26467223	0	0	0	2
26466262	26468549	0	0	0	2
26467249	26468549	0	0	0	2
26468623	26470717	0	0	1	2
26470813	26471211	0	0	0	2
26470813	26472300	0	0	0	2
26470920	26472298	0	2	0	2
26471288	26472300	0	0	0	2
26471388	26472300	0	0	1	2
26472418	26472830	0	0	1	2
26472938	26479262	0	1	1	2
26472939	26474217	0	0	0	2
26472939	26476991	0	0	0	2
26477135	26481719	0	1	0	2
26477136	26477693	0	0	0	2
26477136	26479263	0	0	0	2
26479355	26481720	0	0	0	2
26482238	26482742	0	2	0	2
26482240	26483672	0	0	1	2
26482240	26483743	0	0	0	2
26482240	26483763	0	0	0	2
26482240	26483810	0	0	0	2
26482873	26483672	0	0	0	2
26484099	26486021	0	0	0	1
26486063	26488027	0	0	0	1
26488288	26488388	0	0	1	1
26488487	26490041	0	1	0	1
26490198	26491023	0	0	1	1
26491069	26491460	0	1	0	1
26492368	26494137	0	0	0	2
26494304	26494795	0	0	0	2
26494939	26496071	0	0	1	2
26496315	26496718	0	1	0	2
26496889	26498867	0	0	0	2
26498974	26499101	0	1	0	2
26499631	26501898	0	0	0	2
26502051	26503663	0	1	0	2
26502094	26503664	0	0	1	2
26503791	26505906	0	2	0	2
26503792	26506300	0	1	0	2
26506459	26506773	0	0	0	2
26506928	26510062	0	0	0	2
26510280	26510614	0	1	0	2
26510281	26512097	0	0	0	2
26510667	26511117	5	0	0	2
26510691	26512096	0	1	0	2
26510702	26511117	0	0	0	2
26510702	26512097	0	0	0	2
26511153	26512097	6	0	0	2
26511195	26512097	0	0	0	2
26511317	26512097	0	0	0	2
26512175	26512392	0	0	0	2
26513034	26513410	0	0	0	1
26526267	26528212	0	0	0	2
26528262	26532693	0	0	0	2
26532745	26536286	0	0	0	2
26536486	26540787	0	0	1	2
26541718	26543106	0	0	0	2
26541718	26544602	0	0	0	2
26541718	26565445	0	0	0	2
26541718	26590051	0	0	2	2
26543276	26544601	0	1	0	2
26544674	26547497	0	1	0	2
26544674	26590050	0	1	0	2
26544675	26550590	0	0	0	2
26544675	26565222	0	0	0	2
26544675	26596625	0	0	0	2
26547618	26590051	0	0	0	2
26597082	26607819	0	1	1	1
26599673	26601877	0	0	1	2
26602021	26607887	0	0	0	2
26608021	26608217	0	0	1	2
26608021	26612070	0	0	0	2
26608061	26610365	0	1	0	1
26612190	26616138	0	0	1	2
26616338	26617975	0	0	0	2
26621986	26622583	0	0	0	1
26622635	26623232	0	0	0	1
26622635	26625479	0	0	0	1
26623352	26625479	0	0	0	1
26625622	26628286	0	0	1	1
26628430	26630338	0	0	0	1
26646959	26647172	0	0	0	1
26646959	26660697	0	0	0	1
26646959	26663314	0	0	0	1
26647309	26663312	0	2	0	1
26647311	26650231	0	0	0	1
26647340	26656030	0	0	0	1
26647340	26660697	0	0	0	1
26647340	26663314	0	0	0	1
26656153	26663313	0	1	2	1
26657354	26657480	0	0	0	1
26657354	26663314	0	0	1	1
26657354	26665455	0	0	0	1
26657653	26658180	0	1	1	1
26657654	26660697	0	0	1	1
26657654	26663314	0	0	1	1
26657654	26665529	0	0	0	1
26658337	26663312	0	2	0	1
26660816	26663314	0	0	0	1
26663397	26665462	0	1	0	1
26663398	26665455	0	0	0	1
26663398	26665529	0	0	3	1
26663508	26665454	0	1	0	1
26663508	26665528	0	1	0	1
26666937	26667183	0	0	0	1
26666937	26668156	0	0	0	1
26667310	26668156	0	0	0	1
26668888	26668997	0	1	0	2
26669438	26671676	0	0	0	2
26672986	26717250	0	1	2	1
26672987	26693679	0	0	0	1
26672987	26711828	0	0	0	1
26672987	26738060	0	0	0	1
26677791	26717250	0	1	0	1
26693836	26717251	0	0	0	1
26712006	26717249	0	2	0	1
26717456	26726639	0	3	0	1
26717457	26774152	0	2	1	1
26717459	26718138	0	0	0	1
26717459	26743638	0	0	1	1
26718230	26774153	0	1	1	1
26718231	26719139	0	0	1	1
26718231	26721648	0	0	0	1
26726720	26738060	0	0	0	1
26726794	26734271	0	0	0	1
26726794	26742737	0	0	0	1
26735144	26738060	0	0	0	1
26738240	26774154	0	0	0	1
26774217	26776825	0	0	0	1
26776953	26778453	0	1	0	1
26778585	26779882	0	0	0	1
26779640	26779881	0	1	0	1
26860763	26861980	0	0	0	1
26861021	26861979	0	1	0	1
26862102	26949694	0	3	0	1
26862104	26870035	0	1	1	1
26862104	26877326	0	1	0	1
26862104	26879950	0	1	1	1
26862105	26862255	0	0	0	1
26862105	26884846	0	0	0	1
26877412	26884845	0	1	0	1
26877413	26879951	0	0	0	1
26880070	26880772	0	0	0	1
26887316	26887377	0	0	0	2
26903430	26906575	0	1	0	1
26906766	26920374	0	1	1	1
26906767	26907933	0	0	1	1
26949824	26967739	0	0	0	1
27050116	27060107	0	0	0	2
27058018	27060106	0	1	1	2
27060537	27060985	0	1	0	2
27143529	27159456	0	0	0	1
27204360	27204967	0	0	0	1
27221701	27224228	0	0	0	2
27223634	27224228	0	0	0	2
27223654	27224226	0	2	0	2
27224305	27225028	0	3	1	2
27224308	27224521	0	0	0	2
27276344	27282452	0	0	1	1
27282567	27286293	0	0	0	1
27307564	27317516	0	1	0	2
27308034	27310842	0	1	2	1
27308034	27314758	0	1	1	1
27315049	27316802	0	0	1	1
27317010	27317135	0	1	0	1
27317627	27318151	0	0	0	2
27331937	27336094	0	1	2	1
27331938	27335156	0	0	1	1
27335330	27336095	0	0	0	1
27336261	27337133	0	1	0	1
27336262	27357471	0	0	0	1
27336262	27379184	0	0	0	1
27337657	27357471	0	0	0	1
27414647	27419412	0	0	1	2
27436450	27439875	0	1	0	1
27440045	27441245	0	0	1	1
27457730	27459773	0	0	0	2
27563921	27564004	0	1	0	2
27564433	27573506	0	0	1	2
27667240	27669241	0	0	0	2
27676887	27689718	0	0	0	2
27689885	27697589	0	0	0	2
27697700	27706691	0	1	0	2
27706816	27714879	0	0	1	2
27707653	27709889	0	0	1	1
27716563	27721309	0	0	0	1
27750228	27750774	0	0	0	2
27751095	27796760	0	1	1	2
27751096	27791745	0	0	1	2
27751096	27795121	0	0	0	2
27853662	27854851	0	1	0	2
27853663	27858385	0	0	2	2
27854939	27858385	0	0	0	2
27858509	27860129	0	0	0	2
27860241	27873736	0	0	0	2
27873814	27894552	0	1	0	2
27894638	27896550	0	0	1	2
27896626	27897128	0	0	2	2
27897135	27897797	0	2	0	2
27897892	27910962	0	0	1	2
27911109	27914315	0	0	1	2
27914344	27919167	0	3	5	2
27914347	27919100	0	0	0	2
27914347	27919809	0	0	0	2
27919544	27924344	0	1	0	1
27919544	27994470	0	1	0	1
27919545	27919721	0	0	0	1
27919545	27922016	0	0	0	1
27919545	27935149	0	0	0	1
27919545	27985690	0	0	1	1
27919545	27993122	0	0	0	1
27919545	27997409	0	0	0	1
27919966	27922016	0	0	0	1
27922177	27924344	0	1	1	1
27922178	27935149	0	0	1	1
27922227	27924345	0	0	0	1
27922240	27924344	0	1	0	1
27935228	27972517	0	2	0	1
27935229	27994470	0	1	0	1
27935230	27940018	0	0	0	1
27935230	27985690	0	0	1	1
27935230	27989880	0	0	0	1
27935230	27993122	0	0	0	1
27935230	27997409	0	0	0	1
27940170	27985689	0	1	0	1
27940170	27997408	0	1	0	1
27983851	27985247	0	0	0	2
27985356	27989876	0	0	0	2
27990007	27990787	0	0	1	2
27990007	27992585	0	0	0	2
27990026	27993122	0	0	0	1
27990812	27992585	0	0	1	2
27992663	27993285	0	0	0	2
27993517	27996132	0	1	0	2
27993535	27994471	0	0	0	1
27994653	27997409	0	0	2	1
27996258	27998537	0	1	0	2
27997737	27997982	0	2	0	1
27997738	27998069	0	1	0	1
27997738	27999427	0	1	0	1
27997739	27998602	0	0	0	1
27998151	27998601	0	1	1	1
27998838	27999428	0	0	1	1
27999260	28001372	0	0	1	2
28000436	28000893	0	1	0	1
28001553	28014246	0	0	0	2
28001657	28006526	0	1	0	1
28001658	28002215	0	0	0	1
28014392	28030224	0	0	1	2
28029116	28030224	0	0	2	2
28030366	28094078	0	0	0	2
28094245	28096188	0	0	3	2
28096407	28098912	0	1	1	2
28099043	28101168	0	1	0	2
28101280	28105277	4	4	0	2
28105802	28107060	0	0	1	2
28108403	28163090	0	0	1	2
28163599	28296196	3	0	0	2
28296328	28297578	0	0	0	2
28297852	28306494	0	0	1	2
28306643	28442884	0	0	0	2
28306643	28629550	0	0	0	2
28629830	28679620	0	0	0	2
28687986	28689133	0	0	0	2
28689212	28694027	0	3	1	2
28689215	28699836	0	0	1	2
28694117	28695125	0	0	2	2
28695209	28695708	0	0	0	2
28695241	28695707	0	1	1	2
28695241	28699835	0	1	0	2
28695873	28696899	0	0	0	2
28695873	28699836	0	0	0	2
28696987	28699836	0	0	0	2
28699937	28703503	0	0	0	2
28699937	28710004	0	0	1	2
28703566	28710004	2	0	1	2
28710059	28711907	0	0	2	2
28712015	28719391	0	2	1	2
28712016	28712258	0	1	0	2
28712017	28712110	0	0	1	2
28712017	28724884	0	0	0	2
28712017	28724975	6	0	0	2
28719481	28741763	0	4	0	2
28719483	28734399	0	2	0	2
28719484	28721515	0	1	2	2
28719484	28724974	0	1	2	2
28719485	28724563	0	0	0	2
28719485	28724884	0	0	1	2
28721631	28724975	0	0	0	2
28724923	28725241	0	0	0	2
28725124	28725241	0	0	0	2
28725367	28726243	0	0	0	2
28725367	28730418	0	0	0	2
28725367	28730454	0	0	0	2
28725367	28734401	0	0	3	2
28725367	28741767	0	0	0	2
28726361	28727978	0	0	0	2
28728122	28729280	0	0	0	2
28729376	28730418	0	0	1	2
28730548	28734401	0	0	0	2
28734725	28741765	0	2	0	2
28734726	28737257	0	1	0	2
28734727	28737883	0	0	0	2
28734727	28738080	0	0	0	2
28734727	28741780	0	0	0	2
28737323	28737914	0	0	0	2
28738037	28741766	0	1	0	2
28738197	28741767	0	0	0	2
28742331	28743880	0	0	0	1
28742725	28743877	0	3	0	1
28743923	28744613	0	0	0	1
28743978	28744613	0	0	0	1
28744701	28745859	0	3	0	1
28744702	28745252	0	2	0	1
28744709	28745862	0	0	1	1
28744709	28751239	0	0	0	1
28746007	28751238	0	1	0	1
28751288	28757076	0	0	0	1
28773034	28773723	0	0	0	1
28773034	28780946	0	0	1	1
28773223	28773723	0	0	0	1
28773385	28773722	0	1	0	1
28773777	28780945	0	1	0	1
28773778	28783506	0	0	0	1
28781171	28783505	0	1	0	1
28783644	28786086	0	1	0	1
28795732	28796045	0	0	1	2
28796127	28796152	0	0	1	2
28796192	28797075	0	0	0	2
28797205	28799040	0	0	0	2
28797205	28799055	0	0	0	2
28799153	28799958	0	0	2	2
28799153	28800296	1	0	0	2
28800736	28821969	0	1	0	1
28800737	28838858	0	0	0	1
28801993	28821969	0	1	1	1
28818495	28821970	0	0	0	1
28822179	28844125	0	0	0	1
28844198	28848388	0	1	0	1
28884066	28987074	0	0	0	1
28917481	28987074	0	0	0	1
28987201	29042493	0	0	0	1
28992937	29018162	0	0	0	1
29027009	29031082	0	0	1	2
29031156	29031389	0	0	0	2
29042569	29043297	0	0	0	1
29043429	29044777	0	1	0	1
29044890	29046714	0	0	0	1
29046882	29048386	0	1	0	1
29048491	29049195	0	0	0	1
29050948	29053577	0	0	1	1
29059182	29060413	0	0	1	2
29060843	29061788	0	0	0	2
29073221	29094256	0	0	3	1
29073226	29094255	0	1	1	1
29094420	29098860	0	0	1	1
29098953	29121355	1	0	0	1
29099476	29111579	0	0	1	2
29121481	29125261	0	0	0	1
29125415	29137339	0	1	0	1
29125416	29137500	0	0	0	1
29137674	29138622	0	0	1	1
29138782	29140280	0	0	0	1
29138833	29140280	0	0	0	1
29140366	29141942	0	0	0	1
29142100	29154336	0	0	0	1
29142100	29167042	0	0	0	1
29206139	29214924	0	0	2	1
29206139	29231018	0	0	0	1
29215039	29215525	0	0	0	1
29215629	29226487	0	1	0	1
29215630	29225131	0	0	1	1
29225216	29226420	0	0	2	1
29225216	29226488	0	0	0	1
29226551	29231018	0	0	0	1
29231139	29231455	0	1	0	1
29231140	29231591	0	0	4	1
29231140	29233377	0	0	0	1
29231507	29231590	0	1	0	1
29231682	29232254	0	0	0	1
29232402	29233377	0	0	0	1
29233468	29233612	0	0	0	1
29233666	29234135	0	0	0	1
29233666	29234303	0	0	1	1
29234199	29234303	0	0	0	1
29234348	29243442	0	1	0	1
29243489	29254201	0	0	0	1
29243489	29255269	0	0	1	1
29254285	29258813	0	2	0	1
29254287	29255269	0	0	1	1
29255361	29258815	0	0	2	1
29260237	29260324	0	0	0	2
29260613	29260700	0	0	0	2
29260864	29263833	0	0	0	2
29260867	29261197	0	1	0	2
29260868	29263833	0	0	1	2
29261079	29261842	0	0	0	1
29261424	29265476	0	1	0	2
29264218	29265477	0	0	0	2
29265667	29267332	0	1	0	2
29265668	29267424	0	0	0	2
29267577	29267746	0	0	0	2
29267577	29268087	0	0	0	2
29268349	29272214	0	0	0	1
29269661	29272213	0	1	1	1
29272252	29272378	0	0	0	1
29272252	29272384	0	0	0	1
29272430	29278128	0	1	0	1
29272431	29273736	0	0	0	1
29272431	29273739	0	0	0	1
29273863	29274265	0	1	0	1
29273864	29274263	0	0	0	1
29273864	29278028	0	0	0	1
29274282	29278028	0	0	0	1
29278216	29282388	0	0	1	1
29278216	29286921	6	0	0	1
29282557	29286921	0	0	0	1
29287134	29288604	0	0	0	1
29287134	29288985	0	0	2	1
29287134	29292135	0	0	0	1
29288755	29292498	0	0	0	1
29288785	29290410	0	1	0	1
29288786	29291560	0	0	0	1
29288786	29291563	0	0	1	1
29289062	29291563	0	0	0	1
29291599	29292135	0	0	1	1
29292168	29292485	0	1	0	1
29292606	29296237	0	0	0	1
29296368	29297825	0	0	0	1
29297949	29298731	0	0	0	1
29298894	29299192	0	1	2	1
29298894	29299231	0	1	0	1
29299279	29299596	0	1	1	1
29299331	29299597	0	0	1	1
29299851	29300120	0	0	1	1
29306768	29306992	0	1	0	1
29306769	29308085	0	0	0	1
29307153	29307344	0	0	0	1
29307153	29308057	0	0	0	1
29307153	29308085	0	0	0	1
29307185	29308084	0	1	1	1
29308737	29310436	0	1	1	1
29310545	29310635	0	1	0	1
29310733	29310824	0	1	0	1
29310998	29311460	0	0	0	1
29310998	29312141	0	0	0	1
29313568	29313861	0	0	0	2
29313987	29314220	0	0	0	2
29313987	29315026	0	0	0	2
29313987	29319307	0	0	0	2
29328894	29329709	0	1	0	2
29328894	29330375	0	1	0	2
29329720	29330376	0	0	0	2
29330532	29330621	0	0	0	2
29330709	29331447	0	0	1	2
29331533	29331785	0	0	0	2
29331581	29331785	0	0	1	2
29331916	29334263	0	0	0	2
29334350	29338988	0	0	0	2
29334409	29338987	0	1	1	2
29339133	29339752	0	0	0	2
29339133	29340654	0	0	0	2
29339772	29340652	0	2	3	2
29340857	29341499	0	0	0	2
29341760	29342283	0	0	0	2
29342381	29349214	0	2	1	2
29349383	29350033	0	0	0	2
29350149	29351168	0	1	0	2
29351265	29351702	0	1	0	2
29351419	29351703	0	0	2	2
29351825	29354648	0	0	1	2
29354871	29356424	0	0	0	2
29356616	29358724	0	0	0	2
29358971	29359822	0	0	0	2
29359959	29362999	0	0	0	2
29363106	29367205	0	0	0	2
29367267	29388422	0	0	1	2
29367269	29388421	0	1	1	2
29367270	29370511	0	0	1	2
29388095	29406800	0	1	0	1
29406876	29408500	0	1	0	1
29408566	29409571	0	1	1	1
29409638	29410175	0	0	0	1
29410202	29410694	0	2	2	1
29411176	29417008	0	2	1	1
29419260	29423123	0	0	0	2
29432997	29433328	0	1	2	1
29433547	29434430	0	0	0	1
29439164	29441540	0	0	0	1
29439193	29472304	0	0	0	2
29442128	29478007	0	1	0	2
29442129	29472304	0	0	1	2
29471027	29472304	0	0	0	2
29472446	29478008	0	0	0	2
29472449	29478008	0	0	0	2
29478074	29478812	0	0	0	2
29480242	29480792	0	0	0	2
29481143	29483371	0	2	0	1
29483571	29485718	0	3	0	1
29485847	29488847	0	0	0	1
29508520	29511104	0	0	0	2
29511296	29512019	0	0	0	2
29512136	29517027	0	0	0	2
29514016	29535228	0	0	1	2
29517116	29517261	0	0	1	2
29517366	29519004	0	0	0	2
29519119	29520005	0	1	0	2
29520104	29520996	0	0	0	2
29521099	29525836	0	0	2	2
29525946	29528076	0	0	1	2
29528177	29528272	0	0	0	2
29528177	29528424	0	0	0	2
29528359	29528424	0	0	0	2
29528466	29528935	0	0	2	2
29528466	29529160	0	0	0	2
29529238	29536621	0	1	0	2
29529239	29531076	0	0	0	2
29529239	29531829	0	0	1	2
29531110	29531829	0	0	2	2
29531963	29536622	0	0	3	2
29534931	29535792	0	0	1	2
29536738	29539328	0	0	2	2
29539476	29542857	0	0	0	2
29542956	29543413	0	0	1	2
29542956	29543427	0	0	2	2
29543542	29544458	0	0	1	2
29544508	29544578	0	0	1	2
29544602	29545058	0	1	0	2
29544603	29549050	0	0	0	2
29549157	29553668	0	1	0	2
29549158	29550726	0	0	0	2
29549158	29553446	0	0	0	2
29550843	29553446	0	0	1	2
29550843	29553669	0	0	0	2
29553839	29555053	0	4	1	2
29555998	29558867	0	1	0	2
29558951	29560730	0	2	1	2
29560828	29561169	0	0	0	2
29561201	29561503	0	1	0	2
29561645	29561789	0	1	2	2
29561862	29564236	0	0	1	2
29561862	29569191	0	0	0	2
29564371	29569191	0	0	0	2
29569286	29570159	0	1	1	2
29570207	29570403	0	0	0	2
29570532	29580097	0	0	2	2
29570532	29580983	0	0	0	2
29570532	29581186	0	0	0	2
29580155	29580983	0	0	1	2
29604111	29636748	0	1	0	1
29604112	29628656	0	0	1	1
29604112	29639088	0	0	0	1
29604112	29642200	0	0	0	1
29628773	29636749	0	0	0	1
29636875	29642199	0	1	0	1
29636876	29639088	0	0	0	1
29639212	29642200	0	0	1	1
29642282	29661200	0	3	0	1
29642284	29694749	0	1	0	1
29642285	29654655	0	0	3	1
29654725	29654973	0	0	0	1
29654725	29655592	0	0	1	1
29655080	29655592	0	0	0	1
29655676	29658187	0	0	0	1
29658264	29661203	0	0	0	1
29658264	29664988	0	0	0	1
29661339	29664988	0	0	0	1
29665064	29668331	0	0	0	1
29668446	29671824	0	0	0	1
29668446	29671911	0	0	0	1
29668446	29674834	0	0	0	1
29671947	29673266	0	1	0	1
29673486	29674834	0	0	0	1
29674941	29678194	0	0	0	1
29678323	29681437	1	0	2	1
29678323	29694750	1	0	0	1
29681600	29694749	0	1	0	1
29681601	29683018	0	0	1	1
29683061	29694747	0	3	1	1
29683064	29683699	0	0	0	1
29683078	29694749	0	1	0	1
29695243	29697259	0	0	0	1
29705429	29706129	0	0	0	2
29706234	29719546	0	0	0	2
29711995	29719546	0	0	0	2
29720533	29727660	0	0	0	1
29727804	29728627	0	1	1	1
29728742	29729053	0	0	0	1
29729206	29729438	0	2	2	1
29731354	29738328	0	0	0	2
29738441	29740648	0	0	1	2
29740730	29742416	0	0	1	2
29742480	29748416	0	0	1	2
29748569	29766945	0	2	0	2
29748571	29766870	0	0	0	2
29767164	29767262	0	0	0	2
29767548	29769676	0	0	0	1
29767605	29769674	0	2	1	1
29767712	29767841	0	0	0	2
29788852	29806795	2	0	2	2
29789184	29790467	0	0	1	2
29790547	29792430	0	1	1	2
29792535	29793358	0	0	0	2
29793490	29793575	0	0	1	2
29793675	29799192	0	1	0	2
29793675	29800988	0	1	1	2
29801109	29801991	0	1	2	2
29801110	29802060	0	0	0	2
29801110	29802113	0	0	0	2
29802208	29804636	0	0	0	2
29804830	29806214	0	0	0	2
29806290	29806483	0	0	0	2
29806552	29806794	0	1	0	2
29806904	29808109	0	0	0	2
29808184	29813427	0	1	0	2
29808185	29809893	2	0	0	2
29813542	29814655	0	0	2	2
29814767	29815170	0	0	0	2
29814767	29816004	0	0	0	2
29815289	29816004	0	0	0	2
29815292	29816003	0	1	0	2
29816073	29816651	0	0	2	2
29816073	29822333	0	0	0	2
29816073	29832243	0	0	1	2
29822075	29822333	0	0	8	2
29822395	29825085	0	0	0	2
29822464	29825085	0	0	0	2
29825256	29832242	0	1	1	2
29825257	29825620	0	0	0	2
29825257	29838176	0	0	0	2
29825779	29832242	0	1	1	2
29825779	29833538	0	1	1	2
29825779	29834439	0	1	0	2
29825780	29827475	0	0	0	2
29827600	29832243	0	0	0	2
29832340	29833537	0	2	0	2
29832340	29834438	0	2	0	2
29832342	29834487	0	0	0	2
29832342	29836436	0	0	0	2
29832342	29838176	0	0	0	2
29833610	29838172	0	4	2	2
29833614	29834487	0	0	0	2
29834550	29838176	0	0	0	2
29836500	29838176	0	0	0	2
29883358	29970973	0	1	1	1
29883359	29957034	0	0	0	1
29957087	29970973	0	1	0	1
29957088	29978440	0	0	0	1
29971060	29978421	0	2	0	1
29971062	29978440	0	0	0	1
29978531	29978934	0	0	0	1
29979052	29988478	0	0	0	1
29979052	29991502	0	0	0	1
29988561	29991501	0	1	0	1
29991670	29998759	0	0	0	1
29998857	30002878	0	0	0	1
30002993	30007112	0	0	0	1
30004021	30007112	0	0	0	1
30007319	30007899	0	0	0	1
30008030	30009014	0	2	0	1
30009127	30012364	0	2	0	1
30009196	30018615	0	0	0	2
30012563	30013354	0	0	1	1
30013541	30016526	0	0	0	1
30016696	30017923	0	2	0	1
30018072	30019478	0	0	0	1
30018729	30040175	0	0	0	2
30018729	30050459	0	0	0	2
30020884	30022027	0	0	0	1
30020884	30022607	0	0	1	1
30022139	30022607	0	0	0	1
30022697	30023455	0	0	0	1
30022697	30025628	0	0	1	1
30023481	30025626	0	2	1	1
30040278	30050459	4	1	0	2
30047911	30050459	0	0	0	2
30050588	30080125	0	1	0	2
30080491	30093914	0	0	0	1
30081257	30093913	0	1	0	1
30094003	30098850	0	0	0	1
30098993	30103435	0	0	0	1
30103499	30104398	0	1	0	1
30103500	30111794	0	0	0	1
30104437	30111794	0	0	2	1
30111816	30112494	0	0	0	1
30112522	30118978	0	0	0	1
30119047	30121630	0	0	1	1
30121789	30121962	0	0	2	1
30122214	30176061	0	0	3	1
30137386	30137605	0	0	0	2
30184781	30192131	0	0	0	2
30192230	30207046	0	0	0	2
30239278	30239689	0	0	0	1
30239821	30239945	0	0	0	1
30244061	30244753	0	0	0	2
30244061	30246675	0	0	2	2
30244933	30246675	5	0	1	2
30264463	30264999	0	1	0	2
30264464	30266764	0	0	1	2
30265143	30265556	0	1	0	2
30265144	30266764	0	0	0	2
30285434	30287220	0	0	0	2
30285688	30285830	0	0	0	2
30285926	30286014	0	0	1	2
30285926	30287153	0	0	0	2
30286098	30286261	0	0	0	2
30286098	30286823	0	0	0	2
30286142	30286823	0	0	0	2
30286376	30286823	0	0	2	2
30286948	30287153	0	0	1	2
30286950	30287152	0	1	2	2
30287286	30287370	0	1	2	2
30287559	30288703	0	1	1	2
30287559	30289382	0	1	1	2
30287560	30287788	0	0	0	2
30287560	30287887	0	0	0	2
30287560	30289295	0	0	0	2
30287560	30292771	0	0	0	2
30287560	30293649	5	0	0	2
30287861	30288703	0	1	1	2
30288775	30292770	0	1	0	2
30288775	30293648	0	1	0	2
30288776	30289021	0	0	2	2
30288776	30289291	0	0	0	2
30288776	30289295	0	0	0	2
30288776	30289383	0	0	0	2
30292851	30293157	0	0	1	2
30292851	30293649	0	0	0	2
30293319	30293649	0	0	0	2
30293805	30293919	0	0	1	2
30294110	30294794	0	0	0	2
30294861	30294939	6	0	0	2
30295055	30295735	0	0	0	2
30295843	30299442	0	0	0	2
30299550	30326670	0	1	2	2
30299551	30304529	0	0	1	2
30300661	30304529	0	0	1	2
30304629	30326670	0	1	1	2
30304630	30305570	0	0	2	2
30304630	30307741	0	0	0	2
30304630	30318657	0	0	1	2
30304650	30326670	0	1	2	2
30334695	30335465	0	0	0	2
30335537	30335649	0	1	1	2
30335753	30337024	0	0	0	2
30337178	30337686	0	2	0	2
30337897	30338787	0	0	0	2
30339034	30339128	0	0	0	2
30339034	30340207	0	0	0	2
30339179	30356728	0	0	0	2
30339251	30340194	0	0	0	2
30340381	30340693	0	0	0	2
30340812	30341690	0	0	1	2
30341885	30342198	0	0	2	2
30342349	30342802	0	1	2	2
30342879	30344931	0	0	0	2
30342879	30352949	0	0	0	2
30345190	30346310	0	0	0	2
30346519	30352949	0	0	0	2
30353072	30356728	0	0	2	2
30357132	30361959	0	0	0	1
30357132	30365988	0	0	0	1
30362113	30365987	0	1	0	1
30362113	30369429	0	1	0	1
30362114	30365942	0	0	1	1
30366248	30369430	0	0	0	1
30369603	30370324	0	0	0	1
30370950	30371648	0	0	1	1
30371727	30372073	0	0	1	1
30372286	30373595	0	0	0	1
30373764	30373921	0	0	0	1
30374091	30375477	0	0	0	1
30374091	30375484	0	0	0	1
30374091	30376257	0	0	2	1
30375662	30376256	0	1	0	1
30376020	30377509	0	0	0	2
30376345	30376429	0	2	0	1
30378141	30379545	0	1	0	2
30378141	30379708	0	1	0	2
30378142	30379480	0	0	0	2
30379622	30379709	0	0	1	2
30379813	30380060	0	0	1	2
30380205	30380280	0	0	0	2
30380401	30384337	0	0	0	2
30384493	30385900	0	2	0	2
30385987	30386066	0	2	0	2
30386141	30386614	0	0	0	2
30386759	30387027	0	0	1	2
30386759	30388153	2	0	0	2
30388279	30421659	0	0	0	2
30397166	30397743	0	4	0	1
30397169	30406339	0	1	0	1
30397170	30399641	0	0	0	1
30397870	30399641	0	0	0	1
30397870	30406340	0	0	0	1
30398818	30399641	0	0	1	1
30399718	30400257	0	0	0	1
30399718	30400335	0	0	0	1
30399718	30406340	0	0	0	1
30406385	30407093	0	0	2	1
30406385	30407413	0	0	0	1
30406385	30409185	0	0	0	1
30407154	30407413	0	0	0	1
30407154	30407522	0	0	2	1
30407603	30409105	0	0	0	1
30407603	30409185	0	0	0	1
30409281	30409423	0	1	0	1
30409484	30410592	0	2	0	1
30410679	30415757	0	0	0	1
30410679	30415946	0	0	0	1
30410679	30416232	0	0	1	1
30410679	30428460	0	0	0	1
30415864	30415945	0	1	0	1
30416087	30416232	0	0	0	1
30416400	30422272	0	3	0	1
30416402	30428459	0	1	1	1
30416403	30426715	0	0	0	1
30425946	30426715	0	0	0	1
30426844	30427120	0	0	0	1
30426844	30427169	0	0	0	1
30426844	30427238	0	0	2	1
30426844	30428460	0	0	0	1
30427403	30428460	0	0	0	1
30433244	30433615	0	0	0	1
30433894	30434289	0	1	1	1
30434385	30435019	0	0	1	1
30449244	30461308	0	0	1	2
30460142	30461308	0	0	1	2
30461479	30461553	0	0	0	2
30461691	30462081	0	3	0	2
30462192	30464818	0	0	0	2
30464903	30466332	0	0	0	2
30466393	30466979	0	1	0	2
30467077	30468506	0	0	0	2
30468696	30468787	2	0	1	2
30468696	30470017	0	0	1	2
30468958	30470017	3	0	0	2
30470078	30470210	0	0	1	2
30470078	30470505	0	0	1	2
30470255	30470505	0	0	0	2
30470580	30471156	0	2	0	2
30470582	30471903	0	0	0	2
30471207	30471903	0	0	2	2
30471277	30471903	0	0	0	2
30475407	30478627	0	1	0	1
30478996	30483126	0	0	0	1
30483255	30483776	0	0	0	1
30483838	30491694	0	1	1	1
30483839	30485745	0	0	1	1
30483839	30491422	0	0	1	1
30483839	30491876	0	0	0	1
30489878	30491571	0	0	0	2
30490245	30491570	0	1	1	2
30490289	30491570	0	1	0	2
30491592	30491876	0	0	0	1
30491742	30491832	0	0	0	2
30491937	30492437	0	0	0	1
30491937	30492441	0	0	1	1
30491972	30492046	0	1	1	2
30492155	30492472	0	0	0	2
30492557	30494148	0	0	1	2
30494210	30494864	0	0	0	2
30494960	30495251	0	1	0	2
30495442	30495581	0	0	0	2
30495642	30495740	0	0	0	2
30495642	30495926	0	0	0	2
30495789	30495925	0	1	2	2
30495971	30503675	0	0	0	2
30503751	30505555	0	1	0	2
30503768	30505556	0	0	1	2
30523651	30524995	0	0	0	2
30525108	30525347	0	1	1	2
30525109	30525609	0	0	2	2
30525519	30525609	0	0	1	2
30525750	30525824	0	0	0	2
30525932	30529085	0	0	0	2
30529170	30529287	0	0	2	2
30529347	30532521	0	2	1	2
30529349	30531901	0	0	0	2
30529349	30532178	0	0	0	2
30531997	30532522	0	1	1	2
30532713	30532795	0	0	1	2
30532856	30533994	0	0	2	2
30534039	30538825	0	0	2	2
30538901	30542153	0	1	0	2
30538902	30546627	0	0	1	2
30556093	30557260	0	0	0	2
30556096	30557260	0	0	0	2
30557398	30566109	0	3	0	2
30557400	30565074	0	1	0	2
30557401	30558258	0	0	0	2
30557401	30558277	0	0	0	2
30557401	30560739	0	0	1	2
30557401	30564823	0	0	0	2
30557401	30572685	0	0	0	2
30557401	30572801	0	0	0	2
30557401	30574464	0	0	3	2
30558387	30560274	0	1	0	2
30558387	30564822	0	1	0	2
30558388	30560739	0	0	2	2
30558388	30563228	0	0	1	2
30558388	30572685	0	0	0	2
30558388	30574464	0	0	1	2
30560417	30560738	0	1	0	2
30563278	30564823	0	0	0	2
30563278	30565075	0	0	0	2
30563278	30572685	0	0	0	2
30565200	30572684	0	1	0	2
30565200	30572800	0	1	0	2
30577129	30578835	0	0	0	2
30578995	30579135	0	0	0	2
30578998	30579135	0	0	0	2
30579303	30579749	0	0	0	2
30579933	30580049	0	2	0	2
30580178	30580569	0	0	0	2
30580686	30581010	0	0	1	2
30580701	30581010	0	0	0	2
30581101	30581332	0	0	1	2
30581407	30581525	0	1	0	2
30581644	30584363	0	0	1	2
30581644	30584414	0	0	0	2
30584454	30584544	0	0	0	2
30584716	30587283	0	1	1	2
30585370	30587284	0	0	0	2
30587395	30588019	0	0	0	2
30588174	30589189	0	0	0	2
30589269	30591791	0	1	0	2
30589269	30592129	0	1	0	2
30589270	30591808	0	0	0	2
30592398	30605412	0	0	0	2
30592398	30605459	0	0	0	2
30598363	30601816	0	0	0	1
30601915	30606590	0	0	0	1
30604102	30605412	0	0	1	2
30604102	30605459	0	0	0	2
30605517	30606807	0	0	0	2
30607393	30610876	0	2	0	1
30607394	30610868	0	1	1	1
30607395	30610233	0	0	0	1
30610334	30610868	0	1	1	1
30611060	30612880	0	3	2	1
30611062	30614346	0	1	0	1
30611063	30612871	0	0	2	1
30612961	30614347	0	0	1	1
30613042	30614347	0	0	0	1
30613042	30615299	0	0	0	1
30614500	30615307	0	1	1	1
30614501	30615269	0	0	0	1
30614501	30615299	0	0	0	1
30615473	30615599	0	0	0	1
30615787	30617301	0	0	0	1
30615787	30617328	0	0	0	1
30615787	30622966	0	0	0	1
30617479	30622965	0	1	2	1
30617493	30622964	0	2	1	1
30617495	30626458	0	0	1	1
30617754	30622966	0	0	3	1
30618109	30622966	0	0	0	1
30623082	30624093	0	1	0	1
30623082	30626457	0	1	0	1
30624217	30626458	0	0	1	1
30637068	30646595	0	1	0	1
30637069	30649158	0	0	1	1
30637069	30665491	0	0	0	1
30649253	30662058	0	0	0	1
30652296	30666804	0	1	0	2
30652297	30663011	0	0	0	2
30652297	30663402	0	0	1	2
30653971	30654296	0	0	0	2
30654436	30663010	0	1	0	2
30654461	30663011	0	0	0	2
30663260	30663402	0	0	2	2
30663728	30663837	0	0	1	2
30664080	30664953	0	0	0	2
30664080	30666805	0	0	1	2
30664080	30667460	0	0	0	2
30665053	30671337	0	0	1	1
30665121	30667460	0	0	0	2
30665559	30667599	0	0	0	1
30666938	30667460	0	0	1	2
30671449	30674002	0	0	0	1
30694072	30694206	0	0	0	1
30694343	30741158	0	1	0	1
30695552	30741158	0	1	0	1
30741369	30870427	0	0	1	1
30764391	30870426	0	1	0	1
30764392	30770581	0	0	0	1
30770680	30870426	0	1	3	1
30770681	30773121	0	0	0	1
30770681	30842651	0	0	1	1
30773245	30870427	0	0	1	1
30803177	30870427	0	0	0	1
30822709	30870427	0	0	0	1
30842710	30844481	0	0	1	1
30870681	30872306	0	1	0	1
30870682	30887424	0	0	0	1
30881802	30887424	0	0	0	1
30887618	30888221	0	0	0	1
30887622	30888225	0	0	0	1
30888340	30889175	0	0	0	1
30888340	30889178	0	0	0	1
30889233	30889517	0	1	0	1
30889234	30889488	0	0	0	1
30889636	30890726	0	0	0	1
30890972	30893460	0	1	0	1
30890973	30893120	0	0	0	1
30893242	30893461	0	0	0	1
30893566	30893636	0	0	0	1
30893733	30893815	0	0	0	1
30893733	30905835	0	0	0	1
30894001	30905835	0	0	1	1
30906069	30906192	0	0	0	1
30906069	30906195	0	0	1	1
30922514	30924726	0	1	0	1
30922514	30929874	0	1	0	1
30922515	30923244	0	0	1	1
30922515	30924701	0	0	2	1
30923422	30924727	0	0	0	1
30923451	30924727	0	0	0	1
30926871	30927528	0	0	1	2
30926871	30928017	0	0	0	2
30926871	30928026	0	0	0	2
30927802	30928016	0	1	0	2
30928206	30932356	0	1	0	2
30929995	30932209	0	0	0	1
30932452	30932543	0	0	0	2
30932769	30932887	0	0	3	2
30933028	30933462	0	2	0	2
30933520	30933692	0	0	1	2
30933520	30934058	0	0	1	2
30933777	30934058	0	0	0	2
30934190	30934778	0	1	0	2
30935161	30935246	0	0	1	2
30935322	30936509	0	0	1	2
30936643	30936930	0	0	1	2
30937002	30940756	0	0	0	2
30937036	30937580	0	1	0	2
30937711	30937813	0	0	0	2
30937969	30938063	0	0	0	2
30938205	30939619	0	0	0	2
30939704	30939955	0	2	1	2
30940041	30940756	0	0	0	2
30940837	30941431	0	0	0	2
30941558	30941889	0	0	0	2
30942000	30942108	0	2	0	2
30942271	30946339	0	0	4	2
30946446	30949747	0	3	0	2
30946449	30947012	0	0	1	2
30949842	30950375	0	0	0	2
30950445	30956761	0	0	0	2
30956797	30958639	0	0	1	2
30958691	30967817	0	3	0	2
30958694	30963223	0	0	0	2
30963334	30967064	0	0	1	2
30969385	30972045	0	1	0	1
30969386	30971249	0	0	0	1
30969386	30972853	0	0	0	1
30969386	30972922	0	0	0	1
30969533	30971249	0	0	0	1
30971610	30972853	0	0	0	1
30971769	30972922	0	0	0	1
30971778	30972852	0	1	0	1
30971779	30972046	0	0	0	1
30971779	30972922	0	0	0	1
30972172	30972853	0	0	0	1
30972172	30972922	0	0	0	1
30973587	30975168	0	0	0	1
30973587	30975211	0	0	0	1
30973601	30975168	0	0	0	1
30976932	30978719	0	0	0	2
30977736	30977814	0	1	0	2
31064187	31080448	0	0	0	1
31080569	31080674	0	0	0	1
31080753	31083176	0	1	0	1
31080754	31082908	0	0	1	1
31081456	31082908	0	0	0	1
31081456	31082914	0	0	1	1
31081456	31083177	0	0	0	1
31082565	31083175	0	2	0	1
31083002	31083177	0	0	1	1
31083309	31087931	0	0	0	1
31083309	31087963	0	0	0	1
31085291	31087081	0	0	0	1
31085291	31087963	0	0	0	1
31087200	31087963	0	0	0	1
31088112	31088451	0	1	0	1
31088113	31088511	0	0	0	1
31088605	31088696	0	1	0	1
31088777	31088870	0	0	2	1
31088969	31089697	0	0	0	1
31090019	31090106	0	0	1	1
31090180	31090806	0	0	0	1
31090879	31090959	0	0	0	1
31091482	31091673	0	0	0	1
31091845	31093780	0	2	1	1
31091847	31095301	0	0	1	1
31092530	31095301	0	0	2	1
31093677	31093781	0	1	0	1
31093876	31095301	0	0	0	1
31095455	31095532	0	0	2	1
31095609	31095850	0	0	3	1
31095609	31096731	0	0	0	1
31095609	31097267	0	0	0	1
31096897	31096996	0	0	0	1
31097060	31097267	0	0	2	1
31097338	31098665	0	0	0	1
31098840	31099060	0	0	0	1
31098840	31099063	0	0	0	1
31099179	31099743	0	0	2	1
31099896	31100883	0	0	0	1
31099896	31104314	0	0	0	1
31100953	31104314	0	0	0	1
31101049	31104314	0	0	0	1
31101998	31102271	0	0	0	1
31105128	31105206	0	0	0	2
31105285	31105655	0	1	0	2
31105692	31105928	0	0	0	2
31105965	31107375	0	0	0	2
31106046	31107375	0	0	1	2
31106115	31107375	0	0	1	2
31106163	31107375	0	0	1	2
31107533	31107682	0	0	0	2
31107886	31119881	0	0	0	2
31122790	31122921	0	0	0	1
31123118	31123893	0	1	1	1
31123119	31124140	0	0	0	1
31123119	31124843	0	0	0	1
31123119	31126292	0	0	0	1
31123119	31126374	0	0	0	1
31124005	31124140	0	0	0	1
31124263	31124843	0	0	0	1
31124906	31125831	0	0	1	1
31124906	31126374	3	2	2	1
31126010	31126374	0	0	0	1
31126489	31126611	0	0	0	1
31126721	31126919	0	0	0	1
31127037	31127355	0	0	0	1
31127528	31127945	0	4	2	1
31128062	31128212	0	0	0	1
31128323	31128469	0	0	0	1
31128653	31133095	0	1	1	1
31133235	31133404	0	0	1	1
31133235	31133608	0	0	1	1
31133483	31133608	0	0	0	1
31133714	31133911	0	0	0	1
31135935	31136680	0	1	0	2
31136799	31136906	0	0	0	2
31137040	31137708	0	0	1	2
31137992	31138273	0	1	0	2
31138410	31138665	0	0	0	2
31138799	31139839	0	0	1	2
31160302	31187044	0	1	0	1
31160303	31182967	0	0	0	1
31160303	31192682	0	0	0	1
31183064	31187043	0	2	0	1
31187270	31192682	0	0	0	1
31192702	31195467	0	0	1	1
31192702	31196934	0	0	0	1
31192702	31201496	0	0	0	1
31195581	31196934	4	0	0	1
31196989	31201495	0	1	1	1
31197157	31201496	0	0	0	1
31201615	31204487	0	0	0	1
31204966	31205375	0	0	0	1
31212424	31225718	0	0	0	1
31212424	31258289	0	0	0	1
31225819	31258289	0	0	0	1
31248769	31258289	0	0	0	1
31258426	31259119	0	0	0	1
31259230	31259887	0	0	2	1
31260077	31262132	0	0	0	1
31262238	31262592	0	1	0	1
31262791	31265944	0	0	0	1
31266131	31266981	0	1	0	1
31267070	31267774	0	0	0	1
31267907	31268142	0	0	0	1
31268200	31271134	0	0	3	1
31271198	31272525	0	3	1	1
31272703	31273449	0	1	0	1
31272704	31272843	0	0	0	1
31272916	31273450	0	0	0	1
31273506	31275148	0	1	0	1
31275308	31276787	0	0	2	1
31275308	31278295	0	0	0	1
31283287	31289312	0	1	0	2
31283288	31289497	0	0	0	2
31289392	31289496	0	1	0	2
31289697	31289929	0	2	0	2
31289699	31290963	0	0	0	2
31289767	31290963	0	0	1	2
31291084	31291178	0	0	0	2
31291296	31292273	0	0	2	2
31292698	31337666	0	0	0	1
31327307	31335688	0	2	0	2
31327309	31328785	0	0	0	2
31328859	31335690	0	0	0	2
31328924	31335690	0	0	2	2
31335416	31337666	0	0	0	1
31335863	31342895	0	0	0	2
31341683	31342895	0	0	0	2
31342960	31344330	0	0	0	2
31399724	31400617	0	1	0	1
31399724	31403026	0	1	0	1
31400743	31403027	0	0	1	1
31400743	31411010	0	0	0	1
31403203	31411009	0	1	0	1
31411081	31420254	0	0	0	1
31420424	31423277	0	1	0	1
31420425	31421306	0	0	0	1
31421399	31423278	0	0	1	1
31423410	31426613	0	0	2	1
31426782	31427058	0	0	0	1
31427180	31433868	0	2	0	1
31427182	31508253	0	0	1	1
31437342	31437684	0	0	0	2
31437817	31439807	0	1	0	2
31440121	31440702	0	0	0	2
31440866	31441770	0	2	0	2
31442118	31442960	0	0	0	2
31443094	31444604	0	0	1	2
31444690	31446936	0	0	0	2
31444690	31447424	0	0	0	2
31447008	31447424	0	0	1	2
31447564	31448150	0	1	0	2
31447568	31448151	0	0	0	2
31448232	31449346	0	0	0	2
31449408	31450287	0	0	0	2
31449531	31450287	0	0	1	2
31449531	31454142	0	0	0	2
31450360	31454142	0	0	0	2
31450360	31454178	0	0	1	2
31454376	31455134	0	0	0	2
31454423	31463728	0	0	0	1
31455315	31455850	0	0	0	2
31455987	31458473	0	0	0	2
31458649	31462929	0	1	0	2
31458650	31468173	0	0	0	2
31461800	31463725	0	3	1	1
31463132	31463678	0	1	0	2
31463967	31468173	0	0	1	2
31468302	31471842	0	0	0	2
31471917	31488621	0	0	0	2
31488743	31489144	0	2	1	2
31488744	31489902	0	1	0	2
31488745	31489389	0	0	0	2
31488745	31489692	0	0	0	2
31488745	31495951	0	0	0	2
31488783	31508253	0	0	0	1
31496636	31508252	0	1	0	1
31496636	31508256	0	1	0	1
31496637	31497246	0	0	0	1
31497348	31508253	0	0	0	1
31508376	31521233	0	0	0	1
31508376	31528688	0	0	1	1
31508376	31546859	0	0	1	1
31521320	31528688	0	0	1	1
31528863	31530590	0	0	1	1
31528863	31531056	0	0	0	1
31528863	31546859	0	0	0	1
31530784	31531056	0	0	0	1
31531129	31546859	0	0	0	1
31531129	31550252	0	0	0	1
31546970	31561287	0	1	0	1
31546971	31550252	0	0	1	1
31550347	31556939	0	1	0	1
31557058	31561287	0	1	1	1
31561390	31573054	0	2	0	1
31573214	31575229	3	1	0	1
31573214	31589445	0	0	0	1
31575392	31578380	0	0	0	1
31578452	31580270	0	0	3	1
31578452	31583873	0	0	0	1
31580364	31583873	0	0	1	1
31583972	31585066	0	0	0	1
31585134	31587326	0	0	1	1
31585134	31589445	0	0	1	1
31589577	31602210	1	0	1	1
31602293	31602605	0	0	0	1
31602785	31603742	0	0	0	1
31602785	31604307	0	0	0	1
31602785	31607935	0	0	0	1
31603819	31604307	0	0	1	1
31603819	31604867	5	2	1	1
31604403	31604866	0	1	0	1
31604669	31604865	0	2	0	1
31604945	31606326	0	0	3	1
31606430	31607935	0	0	1	1
31608033	31611141	0	0	0	1
31611302	31611763	0	1	0	1
31611839	31611996	0	1	0	1
31611840	31613140	0	0	0	1
31613216	31613352	0	0	0	1
31613529	31613599	0	1	0	1
31613855	31614787	0	0	0	1
31614860	31615046	0	0	0	1
31615279	31616743	0	0	0	1
31616876	31618209	0	1	1	1
31616877	31616998	6	0	1	1
31617075	31618110	0	3	0	1
31618226	31618312	0	0	0	1
31619836	31620551	0	0	0	2
31619836	31620994	0	0	0	2
31620598	31620993	0	1	2	2
31620712	31620993	0	1	0	2
31621142	31621332	0	0	0	2
31621472	31621647	0	0	1	2
31621884	31623681	0	1	0	2
31621885	31638364	0	0	0	2
31621885	31648099	0	0	0	2
31623849	31625579	0	0	0	2
31623849	31625761	0	0	1	2
31623849	31630802	0	0	0	2
31626015	31628850	0	1	1	2
31626015	31632180	0	1	1	2
31626015	31638363	0	1	0	2
31626016	31628001	0	0	2	2
31626016	31630802	0	0	0	2
31628209	31630801	0	1	0	2
31628210	31628851	0	0	0	2
31628981	31629700	0	0	0	2
31628981	31629774	0	0	0	2
31629884	31630520	0	0	0	2
31632291	31638364	0	0	0	2
31648275	31650696	0	1	0	2
31648276	31662142	0	0	1	2
31650778	31662142	0	0	0	2
31677018	31688154	0	0	0	2
31682131	31683624	0	3	1	2
31685803	31688154	0	0	0	2
31688227	31701654	0	0	0	2
31688227	31703548	0	0	0	2
31701761	31703547	0	1	0	2
31703721	31704653	0	0	1	2
31704724	31712079	0	2	0	2
31717291	31725536	0	0	0	2
31725610	31738385	0	0	0	2
31725610	31749991	0	0	0	2
31738911	31749991	0	0	0	2
31738911	31750070	0	0	0	2
31753996	31754860	0	0	0	1
31754164	31754860	0	0	1	1
31754979	31758525	0	0	0	1
31754979	31758544	0	0	0	1
31758632	31760653	0	1	0	1
31760702	31764973	0	0	0	1
31765060	31766583	0	0	0	1
31765060	31766602	0	0	0	1
31765060	31768812	0	0	0	1
31766668	31768812	0	0	0	1
31768863	31778097	0	0	1	1
31768863	31783905	0	0	0	1
31778168	31783905	0	0	0	1
31783985	31784812	0	0	0	1
31784875	31792031	0	0	0	1
31785107	31792031	0	0	0	1
31792102	31792743	0	0	1	1
31792815	31797596	0	2	0	1
31797698	31798579	0	1	0	1
31797702	31798579	0	1	2	1
31798655	31802701	0	1	0	1
31802838	31804160	0	0	0	1
31804223	31804840	0	0	0	1
31804915	31806120	0	0	0	1
31804915	31809609	0	0	0	1
31806190	31809608	0	1	0	1
31809646	31810518	0	1	0	1
31810640	31814989	0	1	2	1
31810665	31814990	0	0	0	1
31815211	31819019	0	1	1	1
31815212	31815414	0	0	0	1
31816417	31816728	0	0	0	2
31817089	31817412	0	0	0	2
31819224	31821499	0	1	0	1
31819225	31831062	0	0	0	1
31819225	31833913	0	0	5	1
31819225	31956137	0	0	0	1
31821637	31822691	0	0	0	1
31822787	31833910	0	3	0	1
31822790	31836997	0	0	1	1
31831225	31833913	0	0	0	1
31833980	31836970	0	0	0	1
31833980	31836997	0	0	0	1
31833980	31837092	0	0	1	1
31837155	31838683	0	0	1	1
31838845	31843093	0	0	1	1
31843212	31843643	0	0	0	1
31843811	31845015	0	1	1	1
31845237	31846832	0	0	0	1
31846965	31857441	0	2	1	1
31852992	31857443	0	0	0	1
31853427	31857443	0	0	0	1
31857551	31870586	0	2	0	1
31857553	31861366	0	0	0	1
31861433	31870588	0	0	0	1
31870744	31873170	0	0	0	1
31870744	31873253	0	0	0	1
31870744	31879523	0	0	0	1
31873332	31874271	5	0	0	1
31873332	31874276	0	0	3	1
31874403	31876083	0	2	0	1
31874403	31879521	0	2	0	1
31874405	31875196	0	0	0	1
31874405	31876155	0	0	0	1
31876264	31879522	0	1	0	1
31879752	31893580	0	0	0	1
31890425	31891025	0	0	0	2
31893750	31897479	0	1	0	1
31893751	31895357	0	0	0	1
31895954	31897480	3	1	2	1
31897652	31901739	0	1	0	1
31897653	31905982	0	0	1	1
31901799	31906800	0	3	1	1
31901802	31905982	0	0	0	1
31906066	31906203	0	0	1	1
31906094	31906203	0	0	0	1
31926550	31928160	0	1	0	2
31926551	31927092	0	0	0	2
31926551	31927097	0	0	2	2
31927291	31928161	0	0	0	2
31927309	31928160	0	1	0	2
31928267	31931865	0	1	0	2
31928267	31933333	0	1	0	2
31928984	31933448	0	0	0	2
31934449	31937914	0	0	0	2
31934449	31937987	0	0	0	2
31938112	31945228	0	3	0	2
31944820	31945498	0	0	0	1
31944820	31945555	0	0	0	1
31944820	31950306	0	0	0	1
31944820	31956137	0	0	0	1
31945234	31956136	0	1	1	1
31945677	31956136	0	1	1	1
31947485	31956137	0	0	0	1
31950422	31956137	0	0	1	1
31963414	31969984	0	0	2	1
31970911	31972573	0	1	0	1
31970912	31973385	0	0	0	1
31972732	31973385	6	0	0	1
31973474	31976622	0	0	0	1
31973474	31981270	0	0	0	1
31976737	31981270	0	0	0	1
31981405	31988080	0	0	0	1
31988178	32037108	0	1	0	1
31988179	32006825	0	0	0	1
32043416	32049941	0	0	0	1
32050014	32066933	0	0	1	1
32059344	32066933	0	0	0	1
32067039	32067965	0	0	0	1
32068025	32068493	0	1	0	1
32068600	32081864	0	0	0	1
32081971	32083072	0	0	0	1
32083154	32084437	0	0	0	1
32084659	32084898	0	0	0	1
32085035	32086218	0	0	1	1
32086326	32091609	0	1	0	1
32091762	32099181	0	0	2	1
32099351	32102020	0	0	1	1
32102237	32104784	0	0	0	1
32104889	32109986	0	2	0	1
32122117	32123892	0	0	1	1
32124033	32132218	0	1	0	1
32130018	32130311	0	0	0	1
32132507	32133210	0	0	0	1
32141338	32143069	0	1	0	1
32149613	32149751	0	0	0	2
32149780	32150317	0	0	0	2
32150479	32150990	2	0	0	2
32151019	32151485	0	0	0	2
32151551	32152065	0	0	0	2
32152093	32152559	0	1	0	2
32152626	32154242	0	0	0	2
32154318	32158982	0	0	0	2
32159522	32159898	0	1	0	2
32191351	32192899	0	1	0	2
32193192	32194343	0	0	0	2
32193192	32202331	0	0	0	2
32194397	32202330	0	1	0	2
32194490	32202331	0	0	0	2
32202550	32202639	0	0	2	2
32202550	32204705	3	1	0	2
32205247	32207134	0	0	0	1
32207276	32229088	0	0	0	1
32207276	32268286	5	0	0	1
32218725	32220918	0	0	0	2
32221022	32224265	0	0	1	2
32224482	32225653	0	0	0	2
32225823	32229192	0	0	1	2
32229344	32230966	0	0	1	2
32229372	32268286	0	0	1	1
32231075	32232897	0	0	0	2
32233034	32234871	0	0	1	2
32235093	32237242	0	0	2	2
32237324	32238983	0	0	0	2
32239090	32247409	0	0	0	2
32247515	32248741	0	0	0	2
32248802	32251768	5	0	0	2
32251874	32254140	0	0	1	2
32254213	32255193	0	0	0	2
32266352	32352836	0	0	0	2
32266352	32352875	0	0	0	2
32268579	32269355	0	0	0	1
32273507	32276683	0	0	0	1
32327437	32333532	0	0	0	2
32327437	32343010	0	0	2	2
32333702	32334209	0	1	0	2
32353014	32354845	0	0	0	2
32354897	32358152	0	0	1	1
32358444	32360250	0	0	0	1
32360838	32367687	0	1	1	2
32360839	32362970	0	0	0	2
32363058	32367688	0	0	0	2
32367713	32368494	0	1	0	2
32368567	32370897	0	0	1	2
32368567	32377259	0	0	1	2
32370940	32377258	0	1	0	2
32376719	32376842	0	2	0	1
32376720	32377323	0	1	1	1
32377349	32381146	0	0	0	2
32377737	32383254	0	0	1	1
32381255	32381983	0	0	0	2
32384052	32385453	0	1	0	1
32388099	32392238	0	0	0	2
32392359	32393890	0	0	0	2
32394000	32395022	0	2	1	2
32395210	32396068	0	4	1	2
32396249	32397939	0	0	0	2
32398100	32399601	0	0	0	2
32399759	32401745	0	0	0	2
32401902	32406659	0	1	0	2
32406759	32407402	0	2	1	2
32406761	32407311	0	0	0	2
32406761	32408173	0	0	0	2
32408242	32408753	4	0	1	2
32408832	32412061	0	1	1	2
32414425	32415913	0	0	0	2
32415991	32417083	0	0	0	2
32417146	32419358	0	2	1	2
32419404	32431345	0	0	0	2
32431413	32433716	0	1	0	2
32431414	32432371	0	0	0	2
32432543	32433717	0	0	0	2
32433772	32435702	0	0	0	2
32435879	32437757	0	1	0	2
32437851	32442669	0	0	0	2
32442730	32445632	0	1	1	2
32445698	32445839	0	0	0	2
32445996	32446729	0	0	0	2
32445996	32447210	0	0	0	2
32446814	32447208	0	2	0	2
32447340	32453381	0	0	0	2
32453503	32457261	0	0	0	2
32457385	32461571	0	1	1	2
32457386	32464372	0	0	0	2
32461660	32464371	0	1	0	2
32475121	32478976	0	3	0	1
32475122	32479129	0	2	0	1
32475124	32483895	0	0	0	1
32475398	32478979	0	0	0	1
32475398	32479131	0	0	0	1
32475957	32478979	0	0	1	1
32478196	32478979	0	0	1	1
32479275	32483895	0	0	0	1
32484124	32485066	0	0	1	1
32485209	32487743	0	0	0	1
32487828	32491084	0	0	0	1
32491181	32493103	0	0	0	1
32493281	32495491	0	0	0	1
32495530	32498142	0	0	1	1
32513823	32518040	0	1	0	2
32514650	32518041	0	0	0	2
32518332	32528870	0	2	0	2
32518334	32519385	0	0	0	2
32518334	32527916	0	0	0	2
32528005	32528872	0	0	1	2
32529008	32530045	0	0	0	2
32529008	32533791	0	0	0	2
32533894	32538033	0	1	0	2
32538110	32541569	0	0	1	2
32541713	32596672	0	0	0	2
32583427	32583874	0	1	0	1
32596736	32864913	0	0	0	2
32629868	32864913	0	0	0	2
32783236	32784894	0	1	0	1
32802120	32849448	0	2	2	1
32849534	32857247	0	0	0	1
32857360	32858015	0	0	0	1
32858136	32859176	0	2	2	1
32865004	32868964	0	0	0	2
32869125	32931388	0	0	0	2
32931480	32947469	0	1	0	2
32931481	32980643	0	0	0	2
32980702	33006350	0	0	0	2
33006823	33014398	0	1	0	2
33006823	33058289	0	1	1	2
33006824	33057533	0	0	0	2
33015034	33015250	0	0	0	1
33104551	33105603	0	0	0	1
33105733	33105972	0	0	0	2
33105919	33110406	0	1	0	1
33108623	33109099	0	2	0	1
33108624	33116205	0	1	0	1
33109233	33110407	0	0	0	1
33110643	33116206	0	0	0	1
33115975	33116205	0	1	0	1
33116327	33134591	4	0	0	1
33116327	33145199	2	0	0	1
33134702	33145199	0	0	0	1
33164364	33166634	0	0	0	2
33164368	33166177	0	2	0	1
33166832	33210724	0	0	1	2
33166832	33221600	0	0	0	2
33166832	33221631	0	0	0	2
33166832	33283200	0	0	1	2
33166832	33304227	0	0	0	2
33166832	33316083	0	0	0	2
33274623	33277057	0	1	0	2
33277255	33283200	0	0	0	2
33277255	33304227	0	0	0	2
33283344	33291963	0	4	1	2
33283347	33316082	0	1	0	2
33283348	33304227	0	0	0	2
33293172	33304226	0	1	1	2
33304506	33316082	0	1	0	2
33304507	33305530	0	0	0	2
33304507	33337644	0	0	0	2
33305625	33316083	0	0	0	2
33316247	33381916	0	1	1	2
33316248	33322483	0	0	0	2
33316248	33337644	0	0	0	2
33321039	33322503	0	0	0	1
33322582	33323209	0	0	1	2
33323600	33337644	0	0	1	2
33337801	33381917	0	0	0	2
33337801	33384190	0	0	0	2
33382044	33384190	0	0	0	2
33384302	33432157	0	2	0	2
33432264	33564845	0	1	0	2
33432265	33437971	0	0	0	2
33563262	33564845	0	1	0	2
33565018	33572142	0	1	2	2
33565019	33604433	0	0	0	2
33604558	33626242	0	0	2	2
33626326	33650365	0	0	0	2
33650665	33761366	0	3	0	2
33650666	33856736	0	2	1	2
33650668	33656960	0	0	1	2
33724279	33724801	0	0	1	2
33725101	33725610	0	0	0	1
33725101	33726114	0	0	1	1
33725655	33726114	0	0	0	1
33725756	33726114	4	0	0	1
33725756	33727489	0	0	0	1
33726197	33727489	0	0	1	1
33727586	33732252	0	2	0	1
33727588	33737562	0	0	0	1
33727631	33737561	0	1	0	1
33727632	33732254	0	0	0	1
33732649	33737562	0	0	1	1
33733684	33737561	0	1	0	1
33737781	33746411	0	2	1	1
33737782	33743132	0	1	1	1
33737783	33744127	0	0	0	1
33743198	33744127	0	0	0	1
33744328	33746413	0	0	0	1
33744328	33747668	0	0	2	1
33746457	33747624	0	0	0	1
33746457	33747668	0	0	1	1
33746457	33750602	0	0	2	1
33747824	33750602	0	0	0	1
33761557	33873105	0	1	0	2
33761558	33856738	0	0	0	2
33761558	33861554	0	0	0	2
33761558	33880550	0	0	0	2
33761558	33919993	0	0	0	2
33761558	33922475	0	0	0	2
33761558	33922619	0	0	0	2
33856801	33873105	0	1	1	2
33856801	33889135	0	1	0	2
33856802	33861554	0	0	0	2
33856802	33919993	0	0	1	2
33856802	33922475	0	0	0	2
33856802	33922619	0	0	1	2
34017526	34100355	0	1	0	1
34017527	34061273	0	0	0	1
34017527	34083967	0	0	1	1
34061500	34083967	0	0	0	1
34084027	34100356	0	0	1	1
34084027	34171711	0	0	0	1
34100440	34161593	0	1	0	1
34100441	34102621	0	0	0	1
34100441	34107937	0	0	0	1
34100441	34109324	0	0	0	1
34100441	34151863	0	0	0	1
34100441	34171711	0	0	0	1
34102816	34107937	0	0	0	1
34107989	34109324	0	0	0	1
34107993	34109324	0	0	0	1
34109434	34147994	0	0	1	1
34109434	34161594	0	0	0	1
34109434	34171711	0	0	0	1
34109434	34206080	0	0	0	1
34148131	34161593	0	1	0	1
34148132	34149922	0	0	0	1
34148132	34171711	0	0	0	1
34150019	34161594	0	0	0	1
34151927	34161594	0	0	0	1
34161789	34171709	0	2	0	1
34171778	34174308	0	0	1	1
34174446	34188327	0	1	1	1
34174446	34205470	0	1	1	1
34174447	34175388	0	0	0	1
34174447	34188183	0	0	1	1
34174447	34206080	0	0	0	1
34174447	34218506	0	0	0	1
34175440	34205471	0	0	0	1
34175440	34206080	0	0	0	1
34188424	34192694	0	1	0	1
34188425	34218506	0	0	0	1
34192758	34206080	0	0	2	1
34195282	34209190	0	0	0	2
34205558	34206080	0	0	1	1
34206163	34218506	0	0	1	1
34206193	34213809	0	1	0	1
34206194	34218506	0	0	0	1
34208586	34209188	0	2	0	2
34209351	34210226	0	2	0	2
34213919	34218506	0	0	0	1
34213970	34218506	0	0	0	1
34703423	34704069	0	0	1	2
34704363	34704707	0	0	1	2
34712103	34712719	0	0	0	2
34712897	34713860	0	0	0	2
34713971	34724852	0	2	0	2
34759059	34902619	0	2	0	2
34873919	34884139	0	0	3	2
34884223	34893772	0	0	0	2
34884223	34902621	0	0	1	2
34902762	34997716	0	1	0	2
34997857	35002798	0	1	0	2
35066462	35066750	0	0	0	1
35067316	35082516	0	0	0	1
35082669	35084381	0	0	0	1
35084499	35085452	0	0	0	1
35119903	35120010	0	1	0	2
35120067	35171433	0	0	0	2
35122746	35127140	0	0	0	1
35164481	35165144	0	0	1	1
35171602	35172337	0	0	1	2
35172460	35194855	0	0	0	2
35195019	35230996	0	0	0	2
35257557	35258081	0	0	0	1
35257557	35262321	0	0	0	1
35257557	35263076	0	0	1	1
35262420	35263075	0	1	0	1
35263222	35263790	0	4	0	1
35263874	35263980	2	0	0	1
35263874	35264646	0	0	0	1
35264096	35264646	0	0	0	1
35265603	35283960	0	0	0	1
35284043	35285995	0	0	0	1
35286061	35287345	0	0	0	1
35287452	35288236	0	0	1	1
35288407	35292990	0	0	3	1
35293114	35293605	0	0	0	1
35299134	35299452	0	0	0	2
35299378	35317875	0	0	0	1
35299494	35317875	0	0	1	1
35299978	35317873	0	2	1	1
35299979	35321956	0	1	0	1
35311127	35317875	0	0	4	1
35317960	35321956	0	1	0	1
35317961	35321740	0	0	1	1
35317961	35322997	0	0	1	1
35321847	35321957	0	0	1	1
35322017	35323024	0	2	0	1
35322035	35322995	0	2	0	1
35322036	35323025	0	1	0	1
35323175	35323764	0	2	0	1
35323177	35323494	0	0	0	1
35323177	35323517	0	0	0	1
35323630	35323766	0	0	0	1
35323914	35327269	0	0	0	1
35327387	35330345	0	0	0	1
35330479	35331293	0	1	0	1
35330480	35332979	0	0	0	1
35331495	35332979	0	0	2	1
35333013	35333172	0	1	1	1
35333014	35333402	0	0	0	1
35333497	35334326	1	1	0	1
35334448	35338711	0	0	0	1
35338788	35345723	4	0	0	1
35345784	35346928	0	0	1	1
35346969	35347053	0	0	0	1
35346972	35347053	0	0	1	1
35380480	35380932	0	0	0	1
35381196	35383104	0	0	0	1
35381328	35383103	0	1	0	1
35383202	35386971	0	3	0	1
35383226	35386683	0	0	0	1
35383226	35389862	0	0	0	1
35387175	35393465	0	1	0	1
35387176	35389862	0	0	0	1
35389961	35393464	0	2	0	1
35400166	35409475	0	1	0	1
35400208	35400429	0	0	0	1
35400497	35403515	0	1	0	1
35400604	35401663	0	1	0	1
35400605	35401369	0	0	0	1
35400605	35403205	0	0	0	1
35401464	35403203	0	2	1	1
35401813	35403204	0	1	0	1
35403333	35403412	0	0	0	1
35403333	35406551	0	0	0	1
35403541	35406550	0	1	2	1
35406725	35408406	0	0	0	1
35408562	35410741	0	1	0	1
35410381	35410742	0	0	0	1
35410910	35412508	0	0	0	1
35411290	35412508	0	0	1	1
35411495	35412507	0	1	0	1
35412680	35413872	0	1	0	1
35413986	35415827	0	0	0	1
35415972	35416337	0	0	0	1
35416404	35416636	0	0	0	1
35416814	35417742	0	0	0	1
35417856	35419882	0	0	1	1
35420012	35421316	0	0	0	1
35421460	35423212	0	0	1	1
35423341	35424152	0	0	0	1
35541500	35546799	0	0	0	1
35547080	35551501	0	0	2	1
35607442	35610881	0	1	0	2
35611106	35615572	0	0	0	2
35611106	35617075	0	0	0	2
35611106	35617161	0	0	0	2
35617264	35617359	0	1	0	2
35617265	35621964	0	0	1	2
35617265	35622476	0	0	0	2
35617265	35623189	0	0	0	2
35617265	35637104	0	0	0	2
35622096	35622476	0	0	0	2
35627659	35634953	0	0	0	2
35637208	35637864	0	0	0	2
35648623	35656377	0	0	0	1
35656475	35658613	5	0	0	1
35686014	35688846	0	0	0	1
35717926	35720566	0	0	1	1
35720654	35726209	0	0	1	1
35727193	35728720	0	1	0	1
35728903	35729351	0	1	0	1
35744249	35745921	0	0	1	2
35745995	35746471	0	0	0	2
35746561	35750182	0	0	0	2
35746561	35750424	0	0	0	2
35746561	35752611	0	0	1	2
35746561	35756103	0	0	0	2
35746561	35759886	0	0	0	2
35750259	35756102	0	1	0	2
35750260	35750424	0	0	0	2
35750457	35756103	0	0	0	2
35752655	35756103	0	0	0	2
35752655	35759886	0	0	0	2
35756144	35759886	0	0	0	2
35760020	35761200	2	0	0	2
35760032	35761200	5	0	1	2
35761294	35761413	0	0	1	2
35761468	35763435	0	0	0	2
35761468	35765421	0	0	0	2
35763554	35765419	0	2	0	2
35765483	35767366	0	0	0	2
35765483	35768255	0	0	0	2
35765483	35768340	6	0	2	2
35767441	35768255	0	0	1	2
35768349	35772929	0	0	0	2
35768349	35778023	0	0	1	2
35768349	35781598	0	0	0	2
35772971	35778023	0	0	0	2
35778075	35781598	0	0	0	2
35778078	35781598	0	0	0	2
35781743	35809778	0	0	0	2
35781746	35809778	0	0	0	2
35810004	35824318	0	0	0	2
35810004	35836318	0	0	0	2
35810004	35840190	0	0	0	2
35810004	35938845	0	0	0	2
35836439	35840190	0	0	0	2
35938896	35961460	0	1	0	2
35938897	35961561	0	0	0	2
35938897	36028238	0	0	0	2
36142058	36145471	0	0	0	2
36145499	36145575	0	0	0	2
36145597	36160665	0	2	0	2
36145598	36156841	0	1	2	2
36145599	36146138	6	0	0	2
36145599	36149044	6	0	0	2
36146408	36149044	0	0	0	2
36149141	36156841	0	1	0	2
36149141	36160666	0	1	2	2
36149142	36149257	0	0	0	2
36149142	36153366	0	0	0	2
36149142	36156747	0	0	0	2
36149184	36156841	0	1	0	2
36149370	36156841	0	1	2	2
36149370	36160666	0	1	0	2
36149371	36149769	0	0	0	2
36149371	36153283	6	0	0	2
36149964	36160667	0	0	1	2
36153423	36160667	0	0	0	2
36153424	36160665	0	2	1	2
36154627	36160666	0	1	1	2
36156037	36156842	0	0	1	2
36157006	36160667	0	0	1	2
36159680	36160667	0	0	0	2
36160788	36164589	0	1	2	2
36160789	36161482	0	0	3	2
36161546	36164590	0	0	0	2
36173029	36173370	0	0	0	1
36191912	36195093	0	0	1	2
36191912	36195309	0	0	0	2
36195437	36199328	0	0	0	2
36197831	36199328	0	0	0	2
36199372	36201694	0	4	0	2
36199376	36199554	0	0	0	2
36199376	36201991	0	0	0	2
36199376	36204626	0	0	0	2
36199418	36204625	0	1	0	2
36199607	36201697	0	1	1	2
36201796	36201991	4	0	0	2
36201841	36201991	0	0	0	2
36201886	36201989	0	2	0	2
36202055	36202146	0	0	0	2
36202055	36204626	0	0	0	2
36202094	36204626	0	0	0	2
36228280	36231338	0	0	1	2
36231466	36233151	0	0	0	2
36233241	36233400	0	0	1	2
36233453	36239132	0	2	0	2
36233454	36237058	0	1	0	2
36233455	36234234	0	0	0	2
36233455	36239439	0	0	0	2
36234334	36239438	0	1	0	2
36237185	36239439	0	0	0	2
36237360	36239439	0	0	0	2
36237363	36239134	0	0	0	2
36237363	36239439	0	0	0	2
36239561	36239645	0	0	0	2
36239561	36239730	0	0	0	2
36253219	36253836	0	0	0	1
36253219	36254896	3	3	0	1
36253219	36254935	0	0	0	1
36253991	36254896	1	1	0	1
36253991	36254935	0	0	0	1
36254999	36257081	0	0	1	1
36254999	36257317	0	0	0	1
36257136	36257317	0	0	0	1
36257407	36259667	5	0	0	1
36257407	36261594	0	0	1	1
36259855	36261593	0	1	0	1
36259918	36261594	0	0	0	1
36261721	36265148	0	1	0	1
36282784	36284090	0	1	1	2
36284265	36284401	0	0	0	2
36284307	36284401	0	0	0	2
36284510	36285118	0	1	0	2
36285326	36285653	0	3	0	2
36285781	36285863	0	0	0	2
36285950	36286150	0	3	0	2
36285953	36286716	0	0	0	2
36286846	36288250	0	0	0	2
36288413	36288725	0	0	0	2
36288939	36289083	0	0	1	2
36289297	36291984	0	0	0	2
36292234	36293327	0	0	1	2
36293481	36293757	0	0	3	2
36293863	36294090	0	0	1	2
36294298	36294930	0	0	0	2
36295076	36295503	0	0	1	2
36295717	36296841	1	0	0	2
36297013	36298916	0	1	1	2
36299042	36300125	0	0	0	2
36300263	36300848	0	1	0	2
36301057	36301532	0	0	0	2
36301665	36302566	0	0	1	2
36302676	36303993	0	0	0	2
36304155	36305031	0	0	0	2
36305102	36305928	0	0	3	2
36306051	36306412	0	0	1	2
36306603	36309276	0	4	2	2
36306607	36308806	0	0	1	2
36308870	36309280	0	0	1	2
36309396	36312047	0	0	1	2
36312222	36314143	0	0	4	2
36314318	36316515	0	0	0	2
36316669	36318205	0	0	1	2
36318325	36319538	0	0	0	2
36319634	36320217	0	1	0	2
36320363	36320796	0	0	0	2
36320896	36321756	0	0	0	2
36321821	36322427	0	0	0	2
36322521	36326566	0	0	0	2
36324668	36326566	0	0	0	2
36325119	36326562	0	4	0	2
36326035	36326566	0	0	0	2
36326661	36327459	0	0	0	2
36327488	36328857	0	0	0	2
36327488	36341368	0	0	0	2
36335506	36342614	0	0	0	1
36341526	36348902	0	0	0	2
36349253	36364775	0	2	0	2
36349254	36370583	0	1	0	2
36349254	36387804	0	1	0	2
36349255	36365044	0	0	0	2
36364833	36365044	0	0	0	2
36388735	36396116	0	0	1	1
36445604	36454781	0	0	0	2
36467916	36468599	0	1	1	2
36467917	36476731	0	0	0	2
36468717	36476731	0	0	0	2
36476856	36480573	0	0	0	2
36480748	36481562	0	0	0	2
36480787	36481562	0	0	0	2
36480837	36481141	0	0	0	2
36480837	36481562	0	0	0	2
36490267	36493631	0	0	0	2
36493798	36495965	0	0	0	2
36493800	36497986	0	3	1	2
36493803	36495965	0	0	0	2
36496208	36497989	0	0	0	2
36498156	36501239	0	0	0	2
36501406	36504095	0	1	0	2
36501407	36504513	5	0	0	2
36501407	36505894	0	0	0	2
36504367	36504513	0	0	0	2
36504766	36505894	0	0	0	2
36506423	36506910	0	0	0	2
36506423	36507007	0	0	0	2
36506695	36507007	0	0	0	2
36511000	36511501	0	0	0	2
36511167	36511500	0	1	0	2
36511784	36512456	0	2	0	2
36512602	36516476	0	0	0	2
36516607	36516703	0	0	0	2
36516790	36517299	0	0	1	2
36517428	36518758	0	3	0	2
36517493	36518761	0	0	1	2
36518909	36519402	0	1	0	2
36519536	36520573	0	1	0	2
36520688	36523207	0	0	2	2
36523281	36523893	0	0	0	2
36523979	36524593	0	1	0	2
36524732	36525662	0	0	0	2
36525707	36525995	0	2	1	2
36526127	36529070	0	4	0	2
36526130	36528789	0	1	0	2
36526131	36526818	0	0	0	2
36526131	36528741	0	0	0	2
36526131	36528878	0	0	0	2
36526905	36529074	0	0	0	2
36536760	36537264	0	0	1	2
36552307	36552437	0	0	0	1
36564886	36566351	0	0	0	2
36566493	36587463	0	0	0	2
36584958	36585083	0	0	0	2
36587548	36702364	0	0	0	2
36703992	36720914	0	0	0	1
36754521	36755434	0	0	2	2
36758408	36760743	0	1	3	2
36758409	36760842	0	0	1	2
36758409	36762902	0	0	0	2
36760919	36762902	0	0	0	2
36763013	36763917	0	0	0	2
36764036	36766136	0	0	1	2
36766196	36767303	0	1	1	2
36766521	36766947	0	0	0	1
36767365	36767781	0	0	0	2
36767859	36775672	0	0	0	2
36767862	36767981	0	0	0	2
36767862	36775672	0	0	0	2
36768099	36775672	0	0	0	2
36772720	36775671	0	1	0	2
36775794	36776029	0	0	1	2
36800918	36811473	0	0	0	2
36800918	36813644	0	0	0	2
36811524	36813644	0	0	0	2
36813755	36815101	0	0	2	2
36815234	36815362	0	1	0	2
36815235	36816943	3	0	0	2
36816439	36818379	0	1	0	1
36817011	36817353	0	1	0	2
36817012	36819429	0	0	1	2
36818779	36819699	0	0	1	1
36848017	36870091	0	0	0	2
36858242	36870090	0	1	1	2
36861202	36864042	0	1	0	1
36861203	36864917	0	0	1	1
36862386	36864042	0	1	2	1
36862781	36863145	0	0	0	1
36863225	36864043	0	0	0	1
36864129	36864917	0	0	0	1
36865072	36867390	0	0	0	1
36867462	36870413	0	0	1	1
36870542	36871650	0	0	1	1
36871709	36872325	0	0	0	1
36872254	36872325	0	0	0	1
36872425	36875651	0	0	0	1
36875783	36876027	0	0	1	1
36875786	36876026	0	1	1	1
36876094	36877626	0	0	0	1
36913677	36922034	0	0	1	1
36922283	36923242	0	0	1	1
36922730	36923242	0	0	0	1
36923367	36925985	0	0	0	1
36926176	36929399	0	1	1	1
36929558	36929636	0	1	0	1
36929807	36930373	0	0	1	1
36930509	36930670	0	1	0	1
36930510	36930653	0	0	0	1
36930830	36932763	0	0	0	1
36932904	36933830	0	0	0	1
36933993	36935348	0	1	0	1
36935440	36935627	0	1	1	1
36935687	36936547	0	0	2	1
36936652	36937375	0	0	0	1
36950719	36952910	0	0	0	2
36953034	36953645	0	1	0	2
36965513	36966388	0	0	1	1
36966507	36967166	0	0	0	1
36967588	36967984	0	0	1	1
36991276	36991479	0	0	0	2
36991591	36999838	0	0	0	2
36999984	37001835	0	0	0	2
36999984	37002191	0	0	0	2
37002284	37003964	0	0	0	2
37002302	37003963	0	1	2	2
37004025	37007470	0	0	0	2
37004025	37007727	0	0	1	2
37007566	37007721	0	1	0	2
37011324	37018135	0	1	0	2
37018753	37019398	0	0	1	2
37018753	37019581	0	0	0	2
37018753	37020160	0	0	0	2
37019773	37024189	0	1	0	1
37019774	37023750	0	0	0	1
37019871	37023749	0	1	1	1
37019872	37024190	0	0	0	1
37023927	37024190	0	0	0	1
37024810	37025000	0	0	1	1
37024810	37029214	0	0	0	1
37025127	37029214	0	0	0	1
37033326	37034557	0	0	1	1
37051949	37053098	5	1	0	1
37052632	37053098	0	0	0	1
37053208	37056318	0	0	0	1
37056411	37057366	0	0	0	1
37056411	37057396	0	0	1	1
37057492	37059310	0	1	0	1
37059438	37060821	0	0	0	1
37059438	37061537	0	0	0	1
37059438	37062523	0	0	2	1
37060921	37061101	0	1	0	1
37060922	37061537	0	0	0	1
37061175	37061537	0	0	4	1
37061629	37062523	0	0	0	1
37066236	37066822	0	2	0	2
37066962	37068614	0	0	0	2
37066962	37069071	0	0	0	2
37068681	37069071	0	0	2	2
37069344	37070482	0	0	1	2
37070652	37070914	0	0	0	2
37071032	37073530	0	0	0	2
37073645	37074608	0	0	0	2
37074708	37075133	0	0	0	2
37075280	37084293	0	0	1	2
37080260	37082477	0	0	1	1
37082558	37082655	0	0	0	1
37083086	37084293	0	0	0	2
37084404	37084725	0	0	0	2
37084839	37086281	0	0	1	2
37086419	37089576	0	0	0	2
37089782	37095549	0	0	0	2
37095592	37095904	0	0	0	2
37096090	37096646	0	0	1	2
37096715	37098414	0	0	0	2
37098548	37103213	0	1	0	2
37103418	37103512	0	0	1	2
37103418	37109337	0	0	0	2
37103418	37109501	0	0	0	2
37119158	37132382	0	0	0	2
37128844	37132381	0	1	0	2
37128847	37132381	0	1	1	2
37132461	37135326	0	0	0	2
37132467	37135325	0	1	1	2
37135440	37136224	0	2	0	2
37136366	37137585	0	0	0	2
37136390	37137585	3	0	0	2
37136393	37137585	0	0	0	2
37137734	37139114	0	1	0	2
37139017	37139115	6	0	0	2
37139222	37142432	0	0	0	2
37142512	37143519	0	0	1	2
37142530	37143519	0	0	0	2
37142532	37143519	0	0	0	2
37142561	37143519	0	0	0	2
37142751	37143519	0	0	0	2
37143635	37143983	0	0	0	2
37143635	37144083	0	0	0	2
37144205	37146449	0	0	0	2
37144205	37149823	0	0	1	2
37144205	37156273	0	0	0	2
37144205	37161791	0	0	0	2
37144205	37174956	0	0	0	2
37144205	37174992	0	0	0	2
37156332	37174954	0	2	0	2
37156374	37174956	0	0	0	2
37156374	37174992	0	0	0	2
37161983	37174956	0	0	1	2
37166963	37182426	0	1	0	1
37180865	37182148	0	2	1	2
37182582	37182734	0	0	0	2
37182734	37184334	0	1	0	2
37182735	37185216	0	0	1	2
37182827	37185216	0	0	1	2
37184436	37185215	0	1	0	2
37185454	37188160	0	1	0	2
37185455	37185869	0	0	0	2
37186046	37188161	0	0	0	2
37188476	37190863	0	0	2	2
37190676	37190862	0	1	2	2
37190928	37191670	0	0	1	2
37191737	37195379	0	0	0	2
37195458	37197601	0	0	0	2
37195512	37197601	0	0	1	2
37197841	37199322	0	0	0	2
37207837	37210541	0	2	0	2
37207839	37211823	0	0	0	2
37226039	37226669	0	0	1	2
37226803	37231229	0	0	0	2
37231390	37231930	0	0	0	2
37231994	37232799	0	0	1	2
37232918	37241585	0	0	0	2
37241166	37241585	0	0	0	2
37241658	37244112	0	0	0	2
37241658	37244133	0	0	0	2
37241658	37244288	0	0	2	2
37241658	37259500	0	0	0	2
37244201	37244287	0	1	0	2
37282196	37282439	0	0	0	1
37282588	37292619	0	0	1	1
37292703	37294658	0	0	0	1
37294723	37295996	0	1	0	1
37296065	37297562	0	0	0	1
37297682	37299224	0	0	0	1
37299306	37300068	0	0	0	1
37299306	37300151	0	0	0	1
37299306	37300905	0	0	2	1
37301019	37301879	0	0	0	1
37301019	37301933	0	0	0	1
37301019	37303252	0	0	0	1
37302031	37303252	0	0	2	1
37303399	37304167	0	3	0	1
37303401	37309209	0	1	1	1
37304286	37309210	0	0	0	1
37309323	37310986	0	0	0	1
37310032	37310986	0	0	1	1
37311064	37311454	0	0	0	1
37311527	37312018	0	0	0	1
37312174	37313437	0	0	0	1
37340969	37342599	0	0	0	2
37341015	37342599	0	0	0	2
37342702	37352360	0	1	1	2
37342703	37384848	0	0	0	2
37342703	37427296	0	0	1	2
37352439	37352629	0	1	0	2
37352440	37353124	0	0	1	2
37353226	37353971	0	0	0	2
37371767	37372031	0	1	0	1
37375996	37417767	0	0	0	2
37417916	37420449	0	3	0	2
37417916	37427293	0	3	0	2
37417918	37420281	0	1	0	2
37417919	37418863	0	0	0	2
37417919	37426870	3	0	0	2
37469312	37469940	0	0	0	2
37470029	37472441	0	0	0	2
37470029	37474510	0	0	0	2
37472528	37474510	0	0	0	2
37474677	37476894	0	0	0	2
37476980	37479342	0	1	0	2
37479498	37480195	0	0	0	2
37480298	37485913	0	1	1	2
37480298	37485920	0	1	1	2
37480299	37480719	0	0	0	2
37480328	37480719	0	0	3	2
37480769	37481233	0	0	0	2
37480769	37484236	0	0	0	2
37480769	37485914	0	0	1	2
37480769	37485921	0	0	1	2
37484338	37484444	0	0	0	2
37491393	37491753	0	0	0	2
37491867	37492433	0	0	0	2
37492550	37492642	0	0	0	2
37492802	37494084	0	0	0	2
37494188	37495515	0	0	2	2
37495585	37495757	0	1	1	2
37496003	37496447	0	0	0	2
37496560	37497017	0	0	0	2
37496623	37497017	0	0	0	2
37497178	37502600	0	0	0	2
37502725	37503183	0	0	0	2
37503210	37504181	0	3	0	2
37503213	37504029	0	0	0	2
37504301	37504633	0	0	1	2
37504769	37506190	0	0	0	2
37506383	37507827	0	0	1	2
37507954	37508525	0	0	0	2
37508681	37509005	0	1	3	2
37508681	37510209	0	1	0	2
37510420	37514609	0	1	0	2
37510421	37511919	1	0	0	2
37510421	37515971	0	0	0	2
37516298	37517969	0	0	2	2
37518108	37518964	0	0	0	2
37519215	37519339	0	2	1	2
37550084	37551295	1	0	0	1
37560587	37565597	0	1	0	1
37560588	37566070	0	0	1	1
37563782	37566070	0	0	0	1
37564545	37566070	0	0	1	1
37565721	37566069	0	1	0	1
37566810	37568104	0	2	0	1
37570412	37570574	0	0	0	2
37570734	37571846	0	1	0	2
37571931	37579898	0	0	2	2
37579984	37580221	0	1	0	2
37580280	37582435	0	1	0	2
37582978	37589937	1	0	1	1
37608902	37614191	0	1	0	1
37608903	37614188	0	0	0	1
37608983	37613022	0	0	0	1
37609154	37613022	0	0	0	1
37609154	37613031	0	0	0	1
37609154	37613117	0	0	3	1
37609154	37614188	0	0	1	1
37609356	37613031	0	0	1	1
37609356	37613117	0	0	0	1
37609356	37614188	0	0	0	1
37610484	37610573	0	2	1	1
37610699	37613117	0	0	0	1
37613189	37614186	0	2	1	1
37613191	37614192	0	0	0	1
37614032	37614188	0	0	0	1
37614274	37616920	0	0	1	1
37616996	37618445	0	1	1	1
37617048	37618446	0	0	0	1
37618546	37619798	0	0	0	1
37618546	37620236	0	0	0	1
37620361	37620811	0	0	1	1
37620913	37621614	0	0	1	1
37621696	37623325	0	0	1	1
37623467	37623550	0	0	0	1
37623631	37629458	0	2	0	1
37623633	37624967	0	0	1	1
37625075	37625794	0	1	1	1
37625949	37629460	0	0	0	1
37629526	37629996	6	0	1	1
37630170	37630901	0	0	0	1
37631099	37631994	0	0	0	1
37632165	37632403	0	0	0	1
37632515	37632599	0	0	3	1
37634853	37639048	0	0	0	1
37639845	37641123	0	1	0	1
37639846	37641372	0	0	0	1
37641167	37641371	0	1	0	1
37641477	37642536	0	1	0	1
37642612	37642890	0	3	0	1
37642614	37642896	0	1	0	1
37642737	37642893	0	0	0	1
37642964	37643625	0	0	1	2
37643006	37643096	0	0	0	1
37643173	37643641	0	1	0	1
37643761	37648321	0	0	0	2
37643788	37644635	0	0	0	1
37644705	37644868	0	0	0	1
37644960	37645363	0	0	0	1
37645510	37646816	0	0	0	1
37646929	37647265	0	0	0	1
37647348	37647439	0	0	2	1
37647520	37648316	0	1	0	1
37648422	37649852	0	0	0	2
37648434	37648746	0	1	0	1
37648434	37650149	0	1	0	1
37648435	37650084	0	0	0	1
37648846	37650150	0	0	1	1
37649925	37650329	0	0	3	2
37650249	37650540	0	0	0	1
37650712	37658253	0	0	1	2
37650725	37653777	0	0	0	1
37653871	37655268	0	2	0	1
37653872	37655923	0	1	6	1
37653873	37655288	0	0	1	1
37653873	37665553	0	0	1	1
37655315	37655924	0	0	1	1
37659356	37665553	0	0	0	1
37665103	37665553	0	0	0	1
37675711	37676854	0	0	0	1
37675711	37676984	0	0	0	1
37676188	37676984	0	0	1	1
37677065	37677520	0	0	0	1
37677065	37678374	0	0	0	1
37677065	37678481	0	0	0	1
37678392	37678481	0	0	0	1
37678654	37679601	0	0	1	1
37681892	37687908	0	0	0	1
37686474	37687907	0	1	1	1
37688015	37688310	0	0	5	1
37688360	37688848	0	0	0	1
37688991	37690694	0	1	0	1
37690793	37691171	0	1	0	1
37691424	37693330	0	0	1	1
37693409	37697585	0	1	1	1
37697089	37697586	0	0	0	1
37697696	37701304	0	0	0	1
37701479	37710425	0	0	0	1
37710565	37713207	0	1	0	1
37710565	37715760	0	1	0	1
37713409	37715759	0	2	0	1
37715934	37723183	0	0	0	1
37726502	37733295	0	1	0	1
37733412	37734397	0	0	0	1
37735440	37738638	0	2	0	1
37738719	37740893	0	0	0	1
37741031	37751769	0	1	0	1
37746420	37750640	0	0	0	1
37746420	37751770	0	0	0	1
37750730	37751770	0	0	0	1
37751200	37751770	0	0	1	1
37751515	37751769	0	1	0	1
37751690	37751770	0	0	1	1
37751827	37754874	0	1	0	1
37751828	37755099	0	0	0	1
37754984	37755099	0	0	0	1
37755190	37755548	0	0	0	1
37755658	37757610	0	1	0	1
37758138	37759152	0	0	0	1
37759263	37765667	0	1	0	1
37759264	37759415	0	0	0	1
37765815	37768070	0	2	0	1
37768176	37769026	0	0	0	1
37769186	37769259	0	1	4	1
37769375	37771648	0	0	0	1
37771736	37772599	0	0	0	1
37772764	37773781	0	0	1	1
37808163	37809947	0	0	0	1
37808163	37810025	0	0	1	1
37808163	37812885	0	0	0	1
37810157	37812885	0	0	0	1
37812988	37813275	0	0	0	1
37812988	37813461	0	0	0	1
37813609	37815124	0	0	1	1
37815280	37815416	0	0	0	1
37815500	37815661	0	0	0	1
37815833	37816197	0	1	0	1
37816320	37816564	0	1	0	1
37816725	37816927	0	0	0	1
37823764	37824720	0	1	0	1
37832017	37832635	0	0	1	2
37832744	37832956	0	0	0	2
37832744	37833157	0	0	0	2
37833082	37833157	0	0	0	2
37833095	37833157	0	0	0	2
37833109	37833682	0	0	1	2
37833206	37833682	0	0	0	2
37833750	37838498	0	0	2	2
37833754	37838497	0	1	0	2
37833754	37840184	0	1	0	2
37833755	37833915	0	0	0	2
37838593	37840185	0	0	1	2
37838597	37840184	0	1	0	2
37838598	37843909	0	0	0	2
37840232	37843907	0	2	0	2
37840233	37843614	0	1	1	2
37840234	37848935	0	0	1	2
37849481	37850012	0	1	1	1
37849482	37851278	0	0	0	1
37849712	37850012	0	1	0	1
37850062	37850521	0	1	0	1
37850063	37851278	0	0	0	1
37850574	37851278	0	0	0	1
37851490	37855563	0	0	0	1
37851490	37858677	0	0	1	1
37851490	37870174	0	0	0	1
37851561	37855563	0	0	0	1
37855644	37858677	0	0	2	1
37858740	37862967	0	0	0	1
37858740	37870174	0	0	0	1
37863038	37863270	0	0	0	1
37863344	37870173	0	1	0	1
37870346	37871197	0	1	0	1
37870346	37874367	0	1	0	1
37874524	37875839	0	0	0	1
37876011	37877672	0	0	0	1
37878171	37886763	0	0	2	1
37886843	37886946	0	2	0	1
37886845	37888424	0	0	0	1
37887071	37888424	4	0	0	1
37905726	37911950	0	0	0	1
37906568	37911950	0	0	1	1
37907478	37911950	0	0	0	1
37912000	37912349	0	0	1	1
37912000	37917705	0	0	0	1
37912491	37917704	0	1	1	1
37912492	37921970	0	0	0	1
37917794	37919033	0	1	0	1
37919177	37924657	0	1	0	1
37919178	37921970	0	0	0	1
37922426	37924658	0	0	0	1
37924717	37925659	0	0	1	1
37926043	37926954	0	0	0	1
37926043	37927409	0	0	0	1
37927126	37927409	0	0	0	1
37927819	37931796	0	1	0	1
37927826	37931797	0	0	0	1
37931931	37932549	0	2	0	1
37932679	37932796	0	0	0	1
37932679	37933037	0	0	0	1
37932888	37933037	0	0	1	1
37933111	37937077	0	1	0	1
37933111	37937082	0	1	1	1
37937194	37937744	0	0	1	1
37937792	37940707	0	0	0	1
37937819	37940707	0	0	2	1
37941533	37941668	0	0	0	1
37944246	37944415	0	0	1	2
37944517	37945040	0	0	0	2
37945173	37947279	0	0	0	2
37947463	37951458	0	0	1	2
37947463	37953045	0	0	0	2
37951520	37953043	0	2	0	2
37952815	37956771	0	0	0	1
37953158	37953347	0	0	0	2
37953158	37953446	0	0	0	2
37953158	37953532	0	0	0	2
37953158	37953616	0	0	0	2
37953806	37956770	0	1	0	1
37953860	37956771	0	0	1	1
37956841	37958371	0	1	0	1
37956842	37959344	0	0	0	1
37956901	37959344	0	0	1	1
37956901	37967097	0	0	1	1
37958471	37959344	0	0	1	1
37959476	37967097	0	0	0	1
37967170	37967623	0	0	0	1
37967170	37972228	0	0	0	1
37967170	37986152	0	0	0	1
37967170	38025577	0	0	0	1
37971004	37977865	0	0	0	2
37971298	37974042	0	0	0	2
37972310	37985050	1	0	0	1
37974197	37977864	0	1	1	2
37978133	37983353	0	2	0	2
37978135	37978597	0	0	1	2
37978135	37984337	0	0	0	2
37978651	37983354	0	1	1	2
37983868	37984197	0	0	1	2
37983868	37984337	0	0	0	2
37984440	37987342	0	1	0	2
37984441	37985040	0	0	0	2
37985222	37986099	0	0	0	1
37986312	37987289	0	0	0	1
37986312	38025867	0	0	1	1
37986312	38041066	0	0	0	1
38026147	38026272	0	0	0	1
38033155	38034163	0	0	0	2
38056597	38057262	0	1	0	1
38057436	38057751	0	0	0	1
38057489	38057751	0	0	0	1
38057489	38057818	0	0	0	1
38057517	38073863	0	0	0	2
38057586	38057750	0	1	0	1
38057850	38059232	0	0	0	1
38057850	38065000	0	0	0	1
38059345	38065000	0	0	0	1
38065130	38067702	0	0	0	1
38065130	38069031	0	0	0	1
38067768	38069029	0	2	0	1
38067770	38068070	0	0	0	1
38069118	38070832	0	4	0	1
38070891	38071680	0	0	0	1
38071743	38072474	0	1	1	1
38072610	38072998	0	0	0	1
38073092	38073771	0	0	0	1
38073823	38074305	0	0	1	1
38074451	38074862	0	0	1	1
38078703	38080837	0	1	0	2
38078703	38083985	0	1	0	2
38081679	38081887	0	0	1	2
38082031	38082657	0	1	4	2
38082881	38083040	0	0	0	2
38083361	38083986	0	0	0	2
38085375	38085684	0	0	0	2
38085375	38086240	0	0	0	2
38085732	38086240	0	0	2	2
38086449	38087122	0	0	1	2
38087264	38088746	0	0	0	2
38088961	38089091	0	3	0	2
38089231	38089520	0	0	0	2
38089674	38097030	0	0	0	2
38093960	38097029	0	1	1	2
38097178	38097689	0	0	0	2
38097178	38098061	0	0	1	2
38098179	38098343	5	0	1	2
38098179	38098409	5	0	0	2
38098482	38107850	0	0	0	2
38098482	38108253	0	0	1	2
38107913	38108253	0	0	0	2
38108339	38109129	0	2	1	2
38109208	38110473	0	0	1	2
38110652	38110925	0	0	1	2
38112305	38112502	0	0	0	2
38112577	38113485	0	0	0	2
38113654	38114432	0	0	0	2
38113654	38115525	0	0	2	2
38114570	38115525	0	0	0	2
38114637	38115525	0	0	0	2
38115681	38116073	0	0	1	2
38115849	38116073	0	0	1	2
38116211	38116318	2	1	0	2
38116211	38120757	0	0	0	2
38116410	38120757	0	0	0	2
38119805	38120757	0	0	0	2
38120909	38123093	0	0	0	2
38123256	38126367	0	2	1	2
38123258	38125637	0	0	0	2
38125691	38126369	0	0	1	2
38126449	38126760	0	0	0	2
38126449	38127405	0	0	0	2
38126449	38128267	0	0	1	2
38126449	38129452	0	0	1	2
38126473	38129452	0	0	0	2
38126526	38140131	0	1	0	2
38127457	38128266	0	1	0	2
38128430	38129452	0	0	0	2
38129562	38131988	0	0	0	2
38129562	38132829	0	0	0	2
38132110	38132828	0	1	0	2
38133011	38134984	0	2	0	2
38135082	38139978	0	2	0	2
38135084	38143103	6	0	0	2
38140167	38143110	0	2	0	2
38140169	38143103	0	0	0	2
38140169	38145436	0	0	0	2
38140169	38145561	3	0	1	2
38143288	38144894	0	0	0	2
38143288	38145436	0	0	3	2
38143288	38169216	0	0	1	2
38144978	38145436	0	0	0	2
38145651	38167914	0	2	0	2
38145652	38148490	0	1	0	2
38145652	38167982	0	1	0	2
38145653	38147348	0	0	0	2
38145653	38163413	0	0	0	2
38145653	38167941	0	0	0	2
38145653	38169216	0	0	1	2
38147474	38167898	0	1	2	2
38147475	38148491	0	0	1	2
38147475	38169216	0	0	0	2
38148623	38169216	0	0	0	2
38169466	38181661	0	1	0	2
38169467	38181782	0	0	0	2
38169467	38214451	0	0	0	2
38169470	38181781	0	1	0	2
38169470	38205290	0	1	0	2
38169471	38180323	4	0	2	2
38169471	38181662	0	0	0	2
38169471	38192031	0	0	0	2
38202210	38214416	0	2	0	1
38202212	38213821	0	0	0	1
38202238	38213821	0	0	0	1
38203084	38213821	0	0	0	1
38213703	38213818	0	3	0	1
38213887	38214416	0	2	1	1
38221710	38222640	0	0	1	2
38221710	38224783	0	0	2	2
38221746	38222640	0	0	0	2
38222662	38224783	0	0	0	2
38224979	38225422	0	0	0	2
38225593	38226777	0	0	0	2
38226870	38230667	0	0	0	2
38226870	38231242	0	0	0	2
38230743	38231241	0	1	0	2
38231333	38245932	0	1	0	2
38231334	38239404	0	0	0	2
38231399	38247768	0	0	0	2
38231415	38232046	0	0	0	1
38246097	38246589	0	3	0	2
38246098	38246781	0	2	0	2
38246100	38246804	0	0	0	2
38246100	38247768	0	0	0	2
38246885	38247768	0	0	0	2
38248019	38272497	0	0	0	2
38248019	38272882	0	0	0	2
38291938	38293253	0	0	0	2
38292543	38293253	0	0	0	2
38292611	38293253	0	0	0	2
38293319	38294107	0	0	0	2
38294247	38294339	0	1	0	2
38294534	38295385	0	0	0	2
38294534	38298784	0	0	0	2
38295447	38298784	0	0	0	2
38296685	38298783	0	1	0	2
38297153	38298782	0	2	0	2
38297998	38298092	0	0	0	2
38298203	38298784	0	0	0	2
38298932	38299891	0	2	0	2
38300065	38300722	0	0	1	2
38300951	38302858	0	1	0	2
38303007	38303134	0	2	0	2
38303248	38314080	0	0	0	2
38314167	38336604	0	2	0	2
38314169	38316663	0	0	0	2
38314169	38317158	0	0	0	2
38314169	38317984	0	0	1	2
38335809	38336123	0	0	0	2
38336173	38336606	0	0	0	2
38336705	38343864	0	1	0	2
38336705	38361396	0	1	0	2
38336706	38347487	3	0	0	2
38343964	38344277	0	0	0	2
38344741	38347487	3	0	0	2
38344741	38361397	0	0	0	2
38347585	38361397	0	0	0	2
38350999	38361397	0	0	1	2
38360867	38361396	0	1	0	2
38361559	38369983	0	1	1	2
38361560	38363052	0	0	0	2
38361560	38380368	0	0	0	2
38363104	38369984	0	0	0	2
38369379	38369984	0	0	0	2
38370045	38380368	0	0	0	2
38380423	38380935	0	0	0	2
38380990	38381929	0	0	0	2
38380990	38397306	0	0	0	2
38380990	38398436	0	0	1	2
38380990	38398778	0	0	1	2
38381984	38384048	0	0	0	2
38388277	38388675	0	1	0	2
38416981	38418013	0	1	0	2
38418166	38422957	0	0	1	2
38423174	38423836	0	4	0	2
38424423	38424811	0	0	0	1
38424970	38427073	0	2	0	1
38428171	38454978	0	0	0	2
38434423	38434841	0	0	2	1
38434961	38436301	0	0	0	1
38468324	38474521	0	0	0	1
38474358	38474521	0	0	0	1
38474623	38479591	0	0	0	1
38479751	38481210	0	0	0	1
38481464	38482494	0	0	1	1
38486440	38487871	0	0	0	2
38486440	38487877	0	0	0	2
38488115	38489226	0	0	0	2
38488115	38492054	0	0	0	2
38489457	38492053	0	1	0	2
38490436	38492054	0	0	0	2
38492115	38493708	0	0	0	2
38493770	38494018	0	1	0	2
38494131	38494628	0	0	0	2
38494802	38494884	0	0	0	2
38495046	38495794	0	0	1	2
38495937	38498083	0	0	0	2
38498150	38498438	0	0	3	2
38498573	38499398	0	0	0	2
38499499	38501128	0	0	3	2
38501280	38505460	0	0	0	2
38501280	38505949	6	0	1	2
38501280	38507589	0	0	0	2
38505249	38505949	0	0	0	2
38520089	38521606	0	0	0	2
38521723	38537589	0	1	0	2
38537652	38538293	0	0	0	2
38538407	38538535	0	2	2	2
38538612	38539319	0	0	0	2
38538612	38552664	0	0	0	2
38539411	38549922	0	1	1	2
38549997	38552664	0	0	0	2
38552707	38555355	0	0	0	2
38555409	38562285	0	0	1	2
38562369	38566588	0	0	1	2
38566735	38567580	0	1	0	2
38567627	38568204	4	0	0	2
38568289	38570041	0	0	0	2
38568289	38570052	4	0	0	2
38569390	38570041	0	0	2	2
38574990	38575326	0	0	0	2
38582401	38582860	0	0	2	2
38582917	38586063	0	0	0	2
38583044	38586063	0	0	0	2
38586198	38591358	0	1	0	2
38586198	38591432	0	1	0	2
38591540	38597202	0	0	2	2
38597356	38599762	0	0	1	2
38599921	38605252	0	0	0	2
38605348	38607387	0	0	0	2
38607475	38620209	0	1	0	2
38607476	38618394	0	0	0	2
38618543	38620210	0	0	1	2
38620291	38623170	0	0	0	2
38623279	38626178	0	0	2	2
38626303	38628236	0	0	1	2
38628342	38628832	0	0	1	2
38628935	38636449	0	0	0	2
38636597	38638744	0	0	0	2
38638820	38645559	0	2	0	2
38638822	38639613	0	0	1	2
38638822	38639653	0	0	0	2
38639724	38645561	0	0	0	2
38645645	38650025	0	0	0	2
38650260	38656116	0	2	0	2
38650262	38653808	0	0	0	2
38656749	38656953	0	1	2	1
38656749	38665543	0	1	0	1
38656750	38668015	0	0	0	1
38657142	38665543	0	1	1	1
38657143	38667567	0	0	0	1
38665685	38668015	0	0	0	1
38666736	38668568	0	0	1	2
38667662	38668015	0	0	0	1
38668131	38670764	0	1	2	1
38668132	38670882	0	0	1	1
38668325	38669686	0	0	1	2
38668325	38681724	0	0	0	2
38670989	38671068	0	0	0	1
38671188	38673157	0	0	0	1
38671490	38681724	0	0	0	2
38671697	38681724	0	0	0	2
38676069	38677508	0	0	0	1
38676489	38681724	0	0	2	2
38682095	38682321	0	0	0	1
38682440	38682876	0	1	0	1
38682996	38683765	0	0	0	1
38688001	38688933	0	0	3	2
38689128	38699800	0	1	0	2
38689129	38689294	0	0	0	2
38689424	38699801	0	0	0	2
38700119	38700856	0	4	1	2
38700120	38701252	0	3	1	2
38700123	38700964	0	0	1	2
38700615	38700961	0	3	0	2
38700617	38700797	0	1	0	2
38700618	38700902	0	0	0	2
38700618	38701255	0	0	0	2
38705817	38708843	0	0	0	1
38706147	38708843	0	0	0	1
38706147	38715905	0	0	0	1
38706781	38708843	0	0	0	1
38706856	38708843	0	0	1	1
38708956	38715905	0	0	0	1
38716087	38716650	0	0	0	1
38717000	38721740	0	0	1	1
38721865	38724295	0	0	0	1
38724411	38726004	0	0	0	1
38725440	38726004	0	0	0	1
38726150	38726256	0	0	1	1
38726439	38727210	0	1	0	1
38727348	38727981	5	0	0	1
38728160	38729459	0	1	0	1
38729662	38730610	0	0	0	1
38730658	38734321	0	1	0	1
38730881	38734148	0	0	0	1
38734232	38734322	0	0	0	1
38734396	38736026	0	1	0	1
38734397	38735172	0	0	0	1
38734397	38737949	0	0	1	1
38734814	38738425	0	0	0	1
38735040	38738619	0	1	0	1
38735310	38736027	0	0	0	1
38736256	38737949	0	0	0	1
38736380	38738171	0	0	0	2
38738265	38738585	0	0	0	2
38738742	38738863	0	0	0	1
38738754	38738871	0	0	0	2
38738988	38739340	0	0	1	2
38739164	38748702	0	3	0	1
38739426	38739720	0	0	0	2
38739943	38740265	0	0	1	2
38740431	38741004	0	1	0	2
38740432	38740887	0	0	0	2
38741050	38741492	0	0	1	2
38741551	38742513	0	0	1	2
38741571	38742299	0	0	0	2
38742555	38745682	0	0	0	2
38745145	38745682	0	0	1	2
38745811	38748711	0	0	1	2
38748783	38749764	0	0	0	2
38749859	38750223	0	0	0	2
38750320	38750896	0	0	0	2
38750320	38751208	0	0	1	2
38750382	38750895	0	1	0	2
38751035	38751208	0	0	0	2
38751093	38751207	0	1	0	2
38751371	38752503	0	2	0	2
38752665	38754640	0	0	0	2
38752665	38755556	0	0	0	2
38752665	38755761	0	0	0	2
38752665	38766232	0	0	0	2
38754690	38755270	0	0	1	2
38754705	38755269	0	1	0	2
38754705	38755760	0	1	1	2
38754706	38754896	0	0	1	2
38766333	38794066	0	0	0	2
38779613	38780924	0	0	1	2
38779613	38794066	0	0	0	2
38781009	38782661	0	0	0	2
38782870	38794066	0	0	0	2
38785995	38794064	0	2	0	2
38822832	38823080	0	1	1	2
38823262	38826498	0	0	1	2
38826747	38828285	0	0	0	2
38828512	38843233	0	0	0	2
38867147	38871478	0	0	0	2
38867201	38871478	0	0	2	2
38871546	38871690	0	0	2	2
38871757	38871900	0	0	1	2
38871944	38872119	0	1	0	2
38887007	38901045	0	0	2	1
38921312	38924115	0	0	2	1
38952849	38957585	0	1	0	1
38952850	38952959	0	0	0	1
38957716	38959536	0	4	1	1
38959686	38961385	0	0	0	1
38961680	38962095	0	1	3	1
38962213	38962493	0	0	0	1
38982470	38984073	0	0	0	1
38984229	38985808	0	2	1	1
38986091	38986296	0	0	2	1
38986411	38989454	0	1	0	1
38986412	38991330	0	0	0	1
38989608	38991403	0	2	0	1
38989610	38991330	0	0	0	1
38991618	38992396	0	0	0	2
38991626	38992032	0	0	1	1
38992148	38992428	0	1	0	1
38992581	38992936	0	0	1	2
38993001	38997477	0	2	0	2
38997737	38998084	0	0	0	2
39014379	39015593	0	0	0	1
39014379	39017764	0	0	1	1
39014379	39022820	0	0	0	1
39015750	39017763	0	1	0	1
39018045	39018267	0	0	0	1
39021536	39022820	0	0	0	1
39021536	39029361	0	0	0	1
39023014	39025068	0	0	0	1
39023014	39031692	0	0	0	1
39025349	39025555	0	0	1	1
39025670	39029360	0	1	0	1
39029518	39031691	0	1	0	1
39031972	39032195	0	1	0	1
39040767	39042935	1	0	0	1
39040977	39042935	0	0	0	1
39043090	39044081	0	0	0	1
39043090	39044939	0	0	0	1
39045220	39045426	0	0	1	1
39045542	39049423	0	0	0	1
39049581	39052072	0	0	0	1
39052351	39052573	0	2	1	1
39066358	39068707	0	0	0	1
39077168	39078930	0	0	0	1
39077378	39078930	0	0	0	1
39077378	39080931	0	0	0	1
39078638	39078930	0	0	0	1
39079085	39080931	0	0	0	1
39081227	39081469	0	0	0	1
39081584	39083728	0	1	3	1
39083884	39086277	0	0	0	1
39086567	39087009	0	0	0	1
39087126	39087405	0	0	0	1
39091119	39091522	0	1	0	1
39091120	39091605	0	0	0	1
39091796	39092006	0	0	0	1
39092110	39092528	0	0	0	1
39097343	39100270	0	0	0	1
39100428	39101235	0	0	0	1
39101502	39101914	0	2	0	1
39101504	39102510	0	0	0	1
39102042	39102510	0	0	0	1
39102042	39103687	0	0	0	1
39102042	39103690	3	0	2	1
39102605	39103687	0	0	0	1
39120572	39149786	0	1	0	2
39134042	39134396	0	3	0	2
39134048	39134399	0	0	0	2
39134473	39138634	0	0	1	2
39134752	39138634	0	0	0	2
39138702	39141369	0	0	0	2
39138702	39149787	0	0	0	2
39141435	39149786	0	1	0	2
39149832	39152374	0	0	0	2
39225311	39225691	0	2	0	2
39225847	39230082	0	0	0	2
39230228	39231620	0	0	0	2
39231827	39233433	0	0	1	2
39233524	39235776	0	0	2	2
39235872	39240851	0	2	1	2
39235873	39243898	0	1	0	2
39235874	39241011	0	0	0	2
39235874	39242924	0	0	1	2
39242295	39246053	0	1	0	1
39242296	39250148	0	0	0	1
39242296	39276574	0	0	0	1
39265367	39276573	0	1	0	1
39278123	39279079	0	0	0	1
39293003	39293800	0	1	0	1
39294505	39294756	0	1	0	1
39294977	39295327	0	0	0	1
39312984	39313189	0	0	0	2
39313310	39313632	0	0	1	2
39313729	39314105	0	0	0	2
39314207	39314683	0	1	0	2
39314407	39314683	0	1	2	2
39314845	39315366	0	1	0	2
39315555	39316704	1	0	0	2
39316840	39317458	0	1	0	2
39317021	39317459	0	0	0	2
39317629	39318398	0	0	0	2
39318592	39319026	0	0	0	2
39318592	39319370	0	0	1	2
39318592	39319388	0	0	0	2
39318592	39319497	0	0	0	2
39318592	39319593	0	0	0	2
39318592	39319725	0	0	1	2
39350109	39374314	0	0	0	1
39364296	39374314	0	0	0	1
39374552	39375933	0	1	0	1
39374553	39376050	0	0	0	1
39374659	39376049	0	1	0	1
39376196	39377595	0	1	0	1
39376197	39377013	0	0	2	1
39376197	39381694	0	0	0	1
39399835	39414878	0	0	0	1
39399835	39415004	0	0	0	1
39415142	39415498	0	0	2	1
39415653	39416789	0	0	0	1
39416876	39417708	0	1	1	1
39417849	39418730	0	0	0	1
39418845	39419517	0	0	0	1
39419630	39421825	0	0	0	1
39421971	39426701	0	0	0	1
39426925	39428019	0	0	2	1
39428183	39430013	0	0	0	1
39428183	39436488	0	0	0	1
39432663	39436488	0	0	0	1
39457557	39487345	0	0	0	1
39472872	39487345	0	0	1	1
39475938	39476455	0	1	0	2
39477739	39486164	0	0	0	1
39486248	39487345	0	0	0	1
39499722	39503694	0	0	0	1
39500257	39504201	0	0	0	1
39500495	39501676	0	0	0	1
39501723	39502310	0	1	0	1
39502020	39502311	0	0	0	1
39502436	39503039	0	1	0	1
39502436	39504200	0	1	0	1
39502437	39503694	0	0	1	1
39503237	39503694	0	0	1	1
39503519	39503693	0	1	0	1
39503721	39503808	0	1	0	1
39503877	39504201	0	0	0	1
39504533	39511285	0	1	0	1
39504534	39509336	0	0	0	1
39504534	39509420	0	0	0	1
39509571	39511286	0	0	0	1
39511438	39511847	0	0	1	1
39512026	39512230	0	0	0	1
39512026	39512316	0	0	0	1
39512493	39513514	0	1	0	1
39514224	39515228	0	0	0	1
39519801	39520176	0	0	0	1
39520652	39521352	0	0	0	1
39520750	39521372	0	1	2	1
39520750	39521429	0	1	2	1
39520751	39521256	0	0	0	1
39520751	39521352	0	0	0	1
39520751	39521370	0	0	1	1
39520751	39521771	0	0	0	1
39521475	39521561	0	0	2	1
39521670	39521770	0	1	0	1
39529622	39529817	0	1	0	2
39529916	39532392	0	1	0	2
39529917	39530462	0	0	0	2
39530554	39532393	0	0	0	2
39532523	39532685	0	0	0	2
39570987	39598148	0	1	0	1
39598261	39600517	0	1	1	1
39600653	39619308	0	0	1	1
39619407	39634563	0	0	0	1
39634724	39640865	0	0	0	1
39641182	39642795	0	0	0	1
39642888	39643435	0	1	2	1
39642889	39646567	0	0	0	1
39646879	39649497	0	2	0	1
39646880	39647819	0	1	0	1
39647924	39649497	0	2	0	1
39649924	39658149	0	1	0	1
39658303	39658929	0	0	0	1
39659116	39659431	0	0	0	1
39659550	39659695	0	0	0	1
39659852	39660342	0	0	0	1
39660437	39661106	0	0	1	1
39661310	39661963	0	0	0	1
39662435	39662774	0	0	0	1
39662876	39663716	0	0	0	1
39663841	39664089	0	0	0	1
39664158	39664736	0	1	0	1
39664923	39665496	0	0	0	1
39665624	39665879	0	0	0	1
39666006	39668290	0	0	0	1
39668381	39670036	0	0	0	1
39670230	39670801	0	0	0	1
39670954	39672197	0	0	0	1
39672308	39672947	0	0	0	1
39673081	39673960	0	1	1	1
39674033	39677339	0	0	0	1
39677419	39677985	0	0	0	1
39678107	39679104	0	1	0	1
39679444	39679719	0	1	0	1
39679868	39680928	0	0	0	1
39681052	39682494	3	3	0	1
39682660	39684299	0	1	0	1
39684498	39685759	0	0	0	1
39744283	39765221	0	0	0	2
39765609	39820991	0	0	0	2
39821113	39835838	0	0	0	2
39835958	39861763	0	0	0	2
39862007	39887398	0	0	0	2
39887903	39893693	0	0	0	2
39893498	39893693	0	0	0	2
39901330	39947091	0	0	0	1
39926852	39955816	0	1	1	1
39926853	39947091	0	0	0	1
39947184	39955817	0	0	0	1
39955910	39960053	0	0	0	1
39960174	39965988	0	0	0	1
39960919	39963918	0	0	1	1
39966157	39968039	0	1	0	1
39968272	39969409	0	0	0	1
39969533	39970903	0	0	2	1
39995530	39997896	0	1	0	1
39995531	40019166	0	0	2	1
39997959	39998794	0	0	0	1
40010124	40019166	0	0	2	1
40019335	40019885	0	0	1	1
40020008	40021288	0	0	1	1
40021963	40029514	0	0	0	1
40044997	40117052	0	1	1	1
40045588	40117053	0	0	1	1
40117128	40125770	0	0	0	1
40125862	40156113	0	0	0	1
40156182	40246013	0	0	0	1
40178140	40246013	0	0	0	1
40246102	40251177	0	0	0	1
40251200	40261830	0	0	0	1
40262173	40264686	0	0	0	1
40262173	40270120	0	0	0	1
40267034	40270118	0	2	0	1
40267036	40273423	0	0	0	1
40270279	40273422	0	1	0	1
40273600	40277075	0	0	0	1
40276979	40277073	0	2	0	1
40277150	40277996	0	1	1	1
40278044	40279993	0	0	0	1
40280142	40285642	0	1	0	1
40280143	40281117	0	0	0	1
40281288	40285642	0	1	0	1
40285770	40300453	0	0	1	1
40300586	40300908	0	0	0	1
40301005	40301148	0	0	1	1
40301332	40308509	0	1	0	1
40308648	40310814	0	1	1	1
40310993	40312503	0	0	3	1
40312650	40312899	0	1	2	1
40312996	40315280	0	1	0	1
40315505	40315938	0	2	0	1
40316010	40321086	0	2	0	1
40321229	40322852	0	0	0	1
40346656	40353071	0	0	0	1
40346711	40348395	0	0	0	1
40346711	40349830	0	0	0	1
40347350	40353069	0	2	1	1
40348645	40349829	0	1	3	1
40348928	40349830	0	0	0	1
40350034	40353070	0	1	0	1
40350035	40353331	0	0	0	1
40350035	40354246	0	0	0	1
40350035	40358862	0	0	0	1
40350265	40351928	0	1	0	1
40353116	40353330	0	1	2	1
40353116	40358861	0	1	0	1
40353117	40354246	0	0	0	1
40353419	40354246	0	0	1	1
40354326	40358861	0	1	1	1
40359035	40359258	0	0	0	1
40359306	40360400	0	0	1	1
40360490	40361084	0	2	2	1
40360492	40361271	0	0	0	1
40360492	40364274	0	0	0	1
40361342	40361486	0	0	1	1
40361635	40362979	0	0	0	1
40361666	40362979	0	0	0	1
40361677	40362979	0	0	0	1
40363071	40364274	0	0	0	1
40363091	40364273	0	1	0	1
40364365	40364878	0	0	0	1
40364365	40366434	0	0	3	1
40365054	40366432	0	2	0	1
40365055	40367466	0	1	0	1
40366497	40367466	0	1	0	1
40366497	40400693	0	1	0	1
40366498	40373344	2	0	0	1
40366498	40387217	0	0	0	1
40366498	40390228	0	0	1	1
40370687	40400693	0	1	0	1
40372949	40376262	0	0	1	2
40372949	40388143	0	0	0	2
40373535	40387217	0	0	1	1
40376515	40378168	0	0	1	2
40376515	40379350	0	0	0	2
40378263	40388143	0	0	0	2
40379466	40388143	0	0	1	2
40400813	40401591	0	0	1	1
40400813	40402137	0	0	1	1
40401675	40402137	0	0	1	1
40402205	40404245	0	0	0	1
40404455	40404555	0	0	0	1
40404664	40405139	0	0	0	1
40405284	40405647	0	0	0	1
40405844	40406076	2	0	1	1
40406222	40406435	0	1	0	1
40406662	40407015	4	0	1	1
40407069	40407197	0	2	0	1
40407326	40407409	0	2	0	1
40407568	40407787	0	0	0	1
40407842	40408068	0	1	1	1
40408120	40408275	0	0	0	1
40408427	40408623	0	2	0	1
40408697	40408792	0	0	1	1
40408842	40408931	0	0	0	1
40409018	40409248	0	0	0	1
40409018	40409338	0	0	0	1
40409372	40409463	0	0	0	1
40409525	40409680	0	0	0	1
40411907	40416974	0	0	0	2
40411907	40416984	0	0	0	2
40417045	40417338	0	1	4	2
40417493	40418372	0	0	1	2
40419384	40420403	0	0	0	2
40420576	40420845	0	0	0	2
40421100	40423534	0	0	1	2
40421100	40424204	0	0	0	2
40423684	40424203	0	1	0	2
40424381	40429604	0	0	4	2
40429767	40431403	0	0	0	2
40431479	40435496	0	1	0	2
40433322	40433472	0	2	0	1
40435553	40463218	0	1	0	2
40435554	40436299	0	0	1	2
40435554	40463241	0	0	0	2
40463286	40491985	0	0	0	2
40463286	40519462	0	0	0	2
40463286	40533588	0	0	0	2
40463286	40552104	0	0	2	2
40519612	40533588	0	0	0	2
40519612	40552104	0	0	0	2
40522973	40523364	0	0	0	1
40523439	40523522	0	1	0	1
40523718	40526217	0	0	0	1
40552367	40594672	0	0	0	2
40552367	40636476	0	0	0	2
40569432	40569781	0	0	0	1
40587578	40636476	0	0	0	2
40594735	40636476	0	0	0	2
40660965	40680606	0	0	0	2
40679404	40680947	0	0	0	1
40679734	40680947	0	0	1	1
40680216	40680947	0	0	0	1
40680776	40684740	0	1	0	2
40681124	40681501	0	0	0	1
40770981	40773935	0	0	0	2
40774016	40776185	0	3	0	2
40774019	40777038	0	0	0	2
40776308	40777038	0	0	0	2
40777135	40777226	0	0	0	2
40777373	40779007	0	0	0	2
40779123	40784509	0	2	0	2
40779125	40779756	0	0	2	2
40779125	40792523	0	0	0	2
40779125	40794512	0	0	0	2
40779125	40799021	0	0	0	2
40779893	40792522	0	1	0	2
40784604	40792523	0	0	1	2
40792595	40797252	0	0	0	2
40792676	40794512	0	0	0	2
40792676	40799021	0	0	0	2
40792676	40819193	0	0	0	2
40794580	40797252	0	0	1	2
40794580	40797282	0	0	0	2
40794580	40799021	0	0	0	2
40797336	40799021	0	0	1	2
40799040	40819193	0	0	1	2
40799083	40799559	0	0	0	2
40799083	40817201	0	0	0	2
40799083	40819193	0	0	1	2
40799671	40819193	0	0	0	2
40817377	40819193	0	0	1	2
40826666	40827094	0	0	1	2
40827228	40829623	0	1	1	2
40829674	40830838	0	0	0	2
40830956	40832085	0	0	0	2
40830956	40832567	0	0	0	2
40830956	40835558	0	0	0	2
40832211	40832562	0	5	0	2
40832670	40835557	0	1	0	2
40835669	40835800	0	1	0	2
40835886	40840623	0	1	1	2
40840691	40844836	0	1	0	2
40844909	40848292	0	0	1	2
40844909	40856429	0	0	0	2
40848369	40850821	0	0	0	2
40850880	40854536	0	0	2	2
40850880	40856429	0	0	1	2
40857245	40860676	0	0	1	1
40857245	40868997	0	0	2	1
40860793	40861616	0	0	1	1
40862679	40868997	0	0	0	1
40869114	40870045	0	1	0	1
40869115	40881768	0	0	0	1
40870139	40881768	0	0	4	1
40882176	40886310	0	1	0	1
40886515	40907585	0	0	0	1
40907648	40909119	0	1	2	1
40909235	40914237	0	0	0	1
40914323	40922330	0	1	0	1
40922513	40924360	0	0	0	1
40924480	40926265	0	2	0	1
40951475	40953552	0	1	0	1
40953633	40964045	0	0	0	1
40964117	40967797	0	0	1	1
40967884	40972474	0	0	0	1
41093098	41117185	0	0	1	1
41108098	41117185	0	0	1	1
41117820	41125861	0	1	1	1
41126038	41127483	0	2	0	1
41127748	41129888	0	0	0	1
41130002	41131385	0	1	1	1
41131632	41135810	0	1	0	1
41131633	41137651	0	0	0	1
41135905	41137650	0	1	0	1
41135905	41140137	0	1	0	1
41137790	41140138	0	0	0	1
41140257	41141046	0	0	0	1
41140257	41146737	0	0	0	1
41141222	41146737	0	0	0	1
41141222	41147835	0	0	0	1
41146816	41147835	0	0	1	1
41147946	41149036	0	0	0	1
41149175	41149759	0	0	0	1
41150198	41151831	0	0	1	1
41152012	41152204	0	0	0	1
41152350	41154993	0	0	0	1
41155113	41157167	0	0	0	1
41157407	41158409	0	1	0	1
41158500	41160640	0	0	0	1
41160721	41162720	0	1	1	1
41162778	41164050	0	1	1	1
41164130	41166597	0	0	0	1
41166666	41168447	0	0	0	1
41168599	41168719	0	0	1	1
41168867	41169281	0	0	1	1
41168867	41169501	0	0	1	1
41169404	41169520	0	0	0	2
41169580	41183060	0	1	0	2
41169616	41170404	0	0	0	1
41170571	41172497	0	0	0	1
41172663	41173621	0	0	4	1
41173784	41176245	0	0	0	1
41174823	41195479	0	1	1	2
41176528	41176771	0	0	0	1
41195521	41197272	0	0	0	2
41205385	41208312	0	1	0	1
41205386	41206005	0	0	0	1
41205386	41209694	0	0	0	1
41206125	41209694	0	0	0	1
41208456	41209693	0	1	1	1
41209933	41213849	0	0	0	1
41209933	41213891	0	0	1	1
41209933	41216137	0	0	0	1
41209947	41217026	0	4	0	2
41209950	41228271	0	1	0	2
41209951	41213628	0	0	1	2
41209951	41213794	0	0	0	2
41214026	41216137	0	0	0	1
41214703	41217030	0	0	1	2
41216262	41217121	0	0	0	1
41217201	41220731	0	1	1	1
41217202	41219417	0	0	0	1
41217310	41217391	0	0	0	2
41219533	41220729	0	3	1	1
41220866	41221195	0	2	0	1
41221287	41224018	0	0	0	1
41224251	41224723	0	0	0	1
41224801	41224965	0	0	0	1
41225071	41225792	0	0	0	1
41225941	41226660	0	0	0	1
41226743	41227086	0	1	1	1
41227319	41227798	0	4	0	1
41227323	41227573	0	0	0	1
41227679	41227802	0	0	1	1
41227869	41229538	0	0	1	1
41229656	41230137	0	0	0	1
41229730	41235143	0	0	0	2
41235195	41236562	0	1	0	2
41235343	41236482	0	0	0	2
41236650	41237174	0	0	0	2
41237483	41240814	0	1	0	2
41238885	41239441	0	0	0	2
41239620	41240872	0	0	0	2
41246672	41249328	0	0	0	2
41249451	41249727	0	0	0	2
41249817	41251005	0	0	0	2
41251109	41252870	0	0	0	2
41252991	41254306	0	0	2	2
41254494	41256019	0	0	0	2
41256105	41256189	0	0	0	2
41256290	41256709	0	0	0	2
41256824	41257946	0	0	0	2
41258106	41261444	0	0	3	2
41258106	41264662	0	0	0	2
41261580	41264662	0	0	3	2
41264843	41268095	0	0	0	2
41268156	41274598	0	0	0	2
41274727	41280931	0	0	5	2
41281081	41284898	0	1	1	2
41281082	41281455	0	0	0	2
41281082	41285542	4	0	0	2
41281082	41285984	0	0	0	2
41281211	41281454	0	1	0	2
41285152	41285360	0	1	0	2
41285153	41285542	4	0	0	2
41301772	41320653	0	0	1	1
41320713	41325562	0	0	0	1
41325597	41325719	0	0	0	1
41325918	41327204	0	0	0	1
41327364	41330021	0	0	0	1
41330103	41332169	0	0	0	1
41332227	41338311	0	0	0	1
41338355	41338999	3	0	1	1
41339191	41339814	0	0	0	1
41340137	41341086	0	0	0	1
41341146	41342527	0	0	0	1
41342628	41343413	0	0	0	1
41343576	41346001	0	0	0	1
41346208	41348065	0	0	0	1
41348167	41349118	0	0	0	1
41349301	41351559	0	0	0	1
41351646	41355467	0	0	1	1
41355602	41355755	0	0	0	1
41355862	41355952	0	0	0	1
41356062	41356341	0	0	0	1
41356476	41356643	0	0	0	1
41356808	41357175	0	0	0	1
41367599	41387349	0	0	2	1
41382201	41387349	0	0	2	1
41382988	41387349	0	0	1	1
41387668	41394094	0	0	0	1
41394316	41395743	0	0	0	1
41437406	41446376	0	1	1	2
41437407	41446373	0	0	0	2
41448031	41499723	0	1	1	1
41460487	41467446	0	0	0	2
41467614	41468018	0	0	1	2
41467614	41468122	0	0	0	2
41468146	41468599	0	1	0	2
41468147	41468453	0	0	0	2
41469182	41469346	0	0	0	1
41469182	41477911	0	0	0	1
41469182	41499544	0	0	1	1
41469182	41499724	0	0	0	1
41469506	41499722	0	2	0	1
41469508	41507789	0	0	2	1
41478127	41499724	0	0	0	1
41485949	41499724	0	0	1	1
41499862	41502628	0	0	0	1
41499862	41507444	0	0	0	1
41499862	41507789	0	0	0	1
41502771	41504909	0	0	0	1
41502771	41507789	0	0	1	1
41505035	41507789	0	0	0	1
41507606	41507789	0	0	0	1
41508049	41511029	0	0	2	1
41508049	41511874	0	0	0	1
41511147	41511874	0	0	0	1
41511967	41515374	0	1	0	1
41515535	41515765	0	0	0	1
41515916	41517294	0	1	1	1
41515917	41517525	0	0	0	1
41515991	41517524	0	1	1	1
41517469	41517595	0	0	1	1
41517631	41517941	0	0	1	1
41517631	41518479	0	0	1	1
41517631	41518494	0	0	0	1
41517631	41520169	2	3	0	1
41518408	41520169	0	0	0	1
41518572	41520169	0	0	0	1
41520276	41521297	0	0	0	1
41520276	41522828	0	0	0	1
41520276	41523203	0	0	0	1
41522982	41523828	4	1	0	1
41522986	41523202	0	1	0	1
41523277	41523827	0	1	0	1
41523940	41524843	0	1	0	1
41524968	41525191	0	0	0	1
41525348	41526260	0	0	0	1
41525348	41527286	0	0	1	1
41526453	41527137	0	0	0	1
41526453	41527286	0	0	0	1
41527202	41527286	0	0	1	1
41527420	41527899	0	0	0	1
41528022	41528477	0	0	0	1
41529336	41530685	0	0	0	2
41530888	41532092	0	0	1	2
41532156	41540696	0	1	0	2
41532157	41532602	0	0	0	2
41532157	41532657	0	0	1	2
41532743	41533518	0	2	0	2
41532745	41540697	0	0	1	2
41532745	41543989	0	0	1	2
41533686	41540696	0	1	2	2
41540795	41543750	0	0	1	2
41540795	41543989	0	0	0	2
41544121	41544426	0	0	0	2
41544121	41544509	0	0	2	2
41551888	41560718	0	0	1	2
41561183	41571841	0	0	0	1
41572137	41573649	0	4	0	1
41573777	41574731	0	0	0	1
41573777	41577267	0	0	0	1
41577440	41577806	0	0	0	2
41577922	41578803	0	1	0	2
41578881	41583957	0	0	0	2
41584058	41584279	0	0	0	2
41584372	41584525	0	0	0	2
41584603	41586074	0	0	0	2
41586192	41589716	0	1	0	2
41586193	41586295	0	0	0	2
41586193	41589050	0	0	2	2
41586430	41589717	0	0	0	2
41589161	41589715	0	2	0	2
41601190	41602422	0	0	0	2
41601190	41603257	0	0	1	2
41602782	41603256	0	1	0	2
41603381	41604042	0	0	1	2
41604153	41607260	0	0	0	2
41607331	41607838	0	0	0	2
41607861	41620750	0	0	0	2
41621345	41621988	0	0	0	1
41621590	41621987	0	1	0	1
41622086	41628116	0	0	0	1
41622086	41636111	0	0	0	1
41628230	41636111	0	0	0	1
41628230	41636234	0	0	0	1
41636251	41636514	0	0	0	1
41636770	41637606	0	0	0	1
41637791	41646894	0	0	0	1
41647082	41650721	0	0	1	1
41650891	41653527	0	0	0	1
41653690	41656901	0	0	1	1
41657032	41658250	0	0	0	1
41658352	41661329	4	0	0	1
41661443	41663619	0	1	0	1
41675195	41676244	0	0	0	2
41675195	41680242	0	0	0	2
41680362	41688075	0	2	0	2
41680363	41687719	0	1	3	2
41680363	41688149	0	1	1	2
41680364	41681224	0	0	1	2
41680364	41682354	0	0	0	2
41680364	41688792	0	0	3	2
41680364	41690433	0	0	0	2
41681559	41682354	0	0	0	2
41682586	41688791	0	1	1	2
41688327	41688792	0	0	0	2
41688920	41693461	0	0	0	1
41688981	41690433	0	0	0	2
41689304	41690782	0	0	0	1
41690842	41693460	0	1	0	1
41693851	41693936	0	0	0	1
41694104	41696777	0	0	0	1
41699712	41703329	4	0	0	1
41703454	41705502	0	0	0	1
41705553	41713999	0	1	0	1
41714075	41716039	0	0	0	1
41716146	41718069	0	0	0	1
41718274	41723941	0	0	1	1
41724072	41729662	0	1	2	1
41729778	41730518	0	1	0	1
41730637	41732243	0	0	0	1
41732344	41732467	0	0	0	1
41732603	41743078	0	0	0	1
41743194	41744971	0	0	1	1
41745064	41745883	0	0	0	1
41746025	41748104	0	1	0	1
41748218	41752589	0	0	0	1
41752650	41753946	0	1	0	1
41752651	41758363	0	0	1	1
41754045	41758362	0	1	1	1
41758533	41763172	0	0	1	1
41758547	41759347	0	0	1	1
41759446	41763230	0	0	0	1
41763321	41767574	0	0	0	1
41763321	41770684	0	0	0	1
41770961	41776100	0	0	0	1
41774498	41776100	0	0	0	1
41776264	41778703	0	3	1	1
41778812	41781282	0	0	0	1
41778877	41781282	0	0	0	1
41781393	41781682	0	1	1	1
41781845	41784337	0	0	0	1
41781845	41793827	0	0	0	1
41784419	41784605	0	1	0	1
41784420	41793827	0	0	0	1
41784782	41793826	0	1	0	1
41793908	41794367	0	2	0	1
41794477	41795409	0	0	0	1
41794477	41795733	0	0	0	1
41795452	41795733	3	2	0	1
41795542	41795733	0	0	0	1
41795847	41799252	0	0	0	1
41800765	41808872	0	1	0	1
41808993	41809877	0	0	0	1
41810000	41810205	0	0	0	1
41810000	41825696	0	0	0	1
41810290	41813261	0	1	0	1
41813444	41813748	0	1	0	1
41813821	41825695	0	1	0	1
41833358	41866829	0	0	0	1
41833979	41834440	0	1	0	2
41834027	41866829	0	0	0	1
41867280	41868609	0	0	0	1
41868792	41870887	0	0	0	1
41871035	41873796	0	0	1	1
41874019	41875335	0	0	0	1
41875451	41875541	0	0	0	1
41875723	41877226	0	1	0	1
41877421	41877940	0	0	0	1
41878123	41878657	0	0	1	1
41878123	41880714	0	0	0	1
41878758	41880714	0	0	0	1
41880991	41884839	0	1	1	1
41885011	41893115	0	0	0	1
41886164	41886267	0	0	0	1
41886307	41891247	0	1	0	1
41891399	41893115	0	0	0	1
41893285	41894818	0	0	0	1
41894937	41897050	0	0	0	1
41897161	41898647	0	0	1	1
41898781	41899235	0	0	0	1
41898781	41900328	0	0	0	1
41899553	41900018	0	0	0	1
41900122	41900328	0	0	0	1
41900498	41902968	0	0	1	1
41903155	41904533	0	0	0	1
41903155	41904861	0	0	0	1
41904732	41904861	0	0	0	1
41904974	41905438	0	0	0	1
41910145	41910404	0	2	0	2
41910553	41911213	0	1	0	2
41911349	41914136	0	0	0	2
41925554	41926099	0	0	0	2
41926330	41926635	0	1	0	2
41939195	41943607	0	1	0	2
41939196	41940137	0	0	1	2
41939196	41945223	0	0	1	2
41943699	41945221	0	2	0	2
41945304	41945911	0	0	0	2
41945389	41945911	0	0	0	2
41946005	41946415	0	0	0	2
41946496	41947018	0	0	1	2
41952421	41957670	0	0	0	1
41969676	41971471	0	1	0	1
41972996	41981643	0	0	0	1
41976582	41981642	0	1	0	1
41977072	41981641	0	2	0	1
41977073	41985981	0	1	0	1
41981555	41981744	0	0	0	2
41981836	41985982	0	0	0	1
41981836	41987620	0	0	0	1
41981938	41982146	0	0	0	2
41986111	41987203	0	1	0	1
41987287	41987620	0	0	1	1
41987759	41989565	0	0	0	1
41989609	41991580	0	0	0	1
41989684	41991571	0	0	1	1
41991668	41992662	0	0	0	1
41992763	41994288	0	0	0	1
41994340	41994618	0	1	1	1
41994713	41996899	0	1	0	1
41998880	42001098	0	0	2	1
41998880	42019309	0	0	1	1
41998880	42020002	0	0	0	1
42000486	42001071	0	0	3	2
42001337	42001519	0	0	0	1
42001699	42002658	0	0	0	1
42019418	42019753	0	1	0	1
42019419	42019660	0	0	0	1
42019803	42020002	0	0	0	1
42020096	42022247	0	0	0	1
42020096	42026764	0	0	3	1
42022355	42026763	0	1	0	1
42027261	42029936	0	1	0	1
42030026	42030718	0	0	0	1
42030823	42032391	0	0	2	1
42030823	42032629	0	0	1	1
42030823	42058288	0	0	0	1
42032486	42032628	0	1	0	1
42060413	42060922	0	0	0	2
42061066	42062824	0	1	0	2
42063024	42065736	0	0	0	2
42065899	42066708	0	0	0	2
42066804	42067111	0	0	0	2
42067286	42067759	0	4	0	2
42067934	42068435	0	2	0	2
42068574	42070280	0	0	0	2
42070366	42070761	0	0	0	2
42070373	42070761	0	0	1	2
42074341	42075569	0	0	0	1
42074472	42075569	0	0	1	1
42075650	42077276	0	2	1	1
42079905	42081923	0	0	0	1
42079954	42081923	0	0	0	1
42082065	42083117	0	0	0	1
42086314	42087058	0	0	1	2
42087175	42090604	0	0	0	2
42091181	42091295	0	0	0	1
42091181	42091300	0	0	1	1
42091599	42092116	0	1	0	1
42091599	42122790	0	1	0	1
42091599	42124044	0	1	0	1
42091600	42112304	0	0	2	1
42092232	42124045	0	0	0	1
42112390	42122791	0	0	0	1
42118492	42120034	0	0	0	1
42118492	42123524	0	0	0	1
42118492	42124045	0	0	0	1
42118536	42122791	0	0	3	1
42120128	42124045	0	0	0	1
42121734	42122790	0	1	0	1
42122887	42124044	0	1	0	1
42122888	42123524	0	0	0	1
42123591	42123764	0	0	0	1
42123591	42124045	0	0	0	1
42123804	42124045	0	0	1	1
42124130	42124475	0	0	0	1
42124130	42124518	0	0	0	1
42124561	42124872	0	1	1	1
42125403	42136193	0	4	0	1
42126752	42126849	0	0	1	2
42126992	42127445	0	0	0	2
42127634	42127840	0	0	0	2
42127934	42128172	0	0	2	2
42127983	42128172	0	0	0	2
42128350	42128782	0	0	0	2
42128943	42129030	0	1	0	2
42128944	42129736	0	0	2	2
42129185	42129736	0	0	0	2
42129909	42130610	0	0	1	2
42132189	42132367	0	1	0	1
42132601	42133037	0	1	0	1
42133090	42133328	0	0	1	1
42133090	42135133	0	0	0	1
42133410	42135133	0	0	0	1
42135238	42135675	0	1	1	1
42135743	42136197	0	0	2	1
42136282	42136670	0	0	1	1
42136664	42137985	0	0	0	2
42136714	42137025	0	0	1	1
42138105	42139610	0	0	1	2
42138281	42139316	0	1	0	1
42140456	42140553	0	0	0	2
42140696	42141150	0	0	0	2
42141338	42141531	0	1	1	2
42141338	42141622	0	1	3	2
42141339	42141510	0	0	2	2
42141396	42141532	0	0	1	2
42141675	42141866	0	0	1	2
42142043	42142476	0	1	1	2
42142639	42142726	0	0	0	2
42142880	42143408	0	0	0	2
42143581	42143741	0	0	1	2
42143581	42144282	0	0	1	2
42145538	42149277	0	0	0	2
42150063	42150160	0	1	0	2
42150303	42150752	0	1	0	2
42150939	42151142	0	0	0	2
42151283	42151468	0	2	0	2
42151647	42152093	0	1	0	2
42152257	42152344	0	1	0	2
42152497	42153025	0	2	1	2
42153200	42154823	0	0	1	2
42161358	42168607	0	0	1	2
42161358	42169845	0	0	0	2
42168703	42169845	0	0	0	2
42168736	42169845	0	0	0	2
42169896	42179607	0	0	0	2
42179702	42209649	0	0	0	2
42188032	42207553	0	1	1	2
42215341	42268311	0	0	0	2
42215341	42270337	0	0	0	2
42215341	42283825	0	0	0	2
42215341	42318062	0	0	0	2
42215341	42343477	0	0	0	2
42270024	42274653	0	1	0	1
42270025	42273892	0	0	0	1
42270025	42274986	0	0	0	1
42273974	42274654	0	0	0	1
42274821	42274986	0	0	1	1
42276542	42276694	0	0	0	1
42364723	42369054	0	2	0	2
42364724	42368712	0	1	0	2
42365144	42368713	0	0	0	2
42385220	42386987	0	0	3	2
42387077	42397855	0	1	0	2
42397956	42409433	0	0	0	2
42409547	42411405	0	0	0	2
42410490	42411404	0	1	0	2
42411736	42432235	0	0	0	2
42438330	42440487	0	2	0	1
42440604	42445700	0	0	2	1
42445816	42446161	0	0	1	1
42500692	42501623	0	0	0	1
42501774	42501917	0	0	0	1
42501823	42501917	0	0	0	1
42502032	42502349	0	0	0	1
42502032	42505031	0	0	0	1
42502032	42509026	0	0	0	1
42502392	42502747	0	0	0	1
42502392	42505031	0	0	0	1
42502768	42503197	0	0	3	1
42503273	42505031	0	0	0	1
42505142	42509026	0	0	0	1
42509110	42510629	0	0	0	1
42510723	42511813	0	1	0	1
42510724	42512116	0	0	0	1
42511927	42512116	0	0	0	1
42512995	42514104	0	0	0	2
42514304	42514680	0	0	0	2
42514779	42515149	0	0	0	2
42515268	42516009	0	0	0	2
42516136	42518003	0	0	1	2
42516296	42518003	0	0	0	2
42518143	42519708	0	4	0	2
42518147	42518611	0	0	2	2
42518728	42519712	0	0	0	2
42553713	42554936	0	0	0	1
42554042	42554936	0	0	0	1
42554042	42555230	0	0	0	1
42554951	42560227	6	1	0	1
42555087	42555230	0	0	0	1
42555342	42556059	0	3	0	1
42555345	42555662	0	0	0	1
42555704	42556045	0	1	1	1
42555705	42556062	0	0	0	1
42556083	42556512	0	0	1	1
42556237	42574677	0	1	0	2
42556588	42558346	0	0	0	1
42556674	42574678	0	0	1	2
42558457	42560184	0	0	0	1
42558457	42571119	0	0	5	1
42560263	42563385	0	2	0	1
42560265	42566302	0	0	0	1
42560265	42571119	0	0	0	1
42563481	42566302	0	0	0	1
42566338	42571119	0	0	0	1
42566763	42574678	0	0	0	2
42570012	42574678	0	0	0	2
42571203	42572434	0	0	0	1
42571901	42572434	0	0	0	1
42572019	42574677	0	1	0	2
42572528	42573933	0	1	0	1
42572529	42573632	0	0	0	1
42573745	42573934	0	0	0	1
42574818	42575929	0	0	0	2
42576126	42576510	0	0	0	2
42576609	42576979	0	0	0	2
42577097	42577841	0	1	0	2
42577493	42577840	0	2	0	2
42577959	42580215	0	0	0	2
42577962	42580215	0	0	0	2
42580358	42581926	0	1	0	2
42580359	42581626	0	0	0	2
42585315	42602767	0	1	0	2
42585968	42587504	0	0	0	2
42587572	42591953	0	0	0	2
42592083	42595534	0	1	1	2
42595602	42596183	0	1	0	2
42595614	42596184	0	0	1	2
42596363	42597669	0	2	0	2
42596364	42599695	0	1	0	2
42597735	42599694	0	2	0	2
42599793	42601968	0	0	0	2
42599793	42602768	0	0	1	2
42602056	42602768	0	0	0	2
42602107	42602768	0	0	0	2
42603159	42614796	0	1	0	2
42603160	42603594	0	0	1	2
42603686	42614797	3	0	0	2
42615040	42615648	0	0	0	2
42616117	42619834	0	1	0	2
42616121	42619565	0	0	0	2
42619945	42623787	0	0	0	2
42623887	42626720	0	1	0	2
42623887	42627301	0	1	2	2
42623887	42630879	0	1	0	2
42623888	42625381	0	0	0	2
42625481	42627302	0	0	0	2
42627031	42627300	0	2	0	2
42627388	42628149	0	1	0	2
42627389	42627603	0	0	1	2
42627430	42627602	0	1	1	2
42627686	42630878	0	2	0	2
42627687	42628149	0	1	0	2
42627688	42627770	0	0	0	2
42627903	42628150	0	0	0	2
42628281	42630880	0	0	0	2
42630987	42631375	0	1	0	2
42630987	42636582	0	1	0	2
42630988	42636713	0	0	3	2
42631450	42636477	0	0	4	2
42631450	42636583	0	0	1	2
42631450	42636713	0	0	0	2
42631468	42636713	0	0	3	2
42636598	42636713	0	0	0	2
42636845	42662673	0	1	2	2
42636846	42644388	0	0	0	2
42636846	42646639	0	0	0	2
42636846	42646884	0	0	1	2
42636846	42646916	0	0	0	2
42636846	42649293	0	0	0	2
42636846	42665647	0	0	0	2
42636846	42720795	0	0	0	2
42646701	42646884	0	0	0	2
42665765	42684806	0	0	0	2
42693997	42694541	0	0	0	2
42693997	42695144	0	0	0	2
42693997	42695489	0	0	0	2
42693997	42695573	0	0	1	2
42695631	42720795	0	0	0	2
42695631	42721163	0	0	0	2
42718586	42720795	0	0	0	2
42784566	42784815	0	0	1	1
42784909	42784933	0	0	0	1
42785081	42785386	0	0	0	1
42785522	42785831	0	0	0	1
42785979	42786260	0	0	0	1
42786333	42787021	0	0	1	1
42793203	42793534	0	0	1	2
42793661	42794232	0	1	0	2
42797604	42799036	0	1	0	2
42799159	42807070	0	1	0	2
42807163	42808765	0	0	0	2
42808890	42810811	0	0	0	2
42808890	42817140	0	0	0	2
42810944	42817140	0	0	2	2
42817264	42817727	0	0	0	2
42817857	42822268	5	0	0	2
42822409	42823654	0	0	0	2
42823702	42826938	0	0	1	2
42826999	42831547	0	0	0	2
42831636	42834240	0	0	0	2
42831636	42840942	0	0	0	2
42834323	42840940	0	2	1	2
42834325	42835360	0	0	0	2
42835492	42840941	0	1	1	2
42841016	42847512	0	0	1	2
42841016	42858385	0	0	1	2
42847632	42857112	0	0	0	2
42847632	42857877	0	0	0	2
42858521	42876134	0	1	0	2
42871469	42876135	0	0	1	2
42876333	42876886	0	0	1	2
42876333	42879046	0	0	0	2
42877010	42879046	0	0	0	2
42879169	42880615	0	0	0	2
42879169	42882182	0	0	0	2
42880622	42882182	0	0	0	2
42882303	42884383	0	1	0	2
42884560	42888640	0	1	1	2
42888798	42890945	0	0	0	2
42891181	42893454	0	1	0	2
42893613	42909425	0	0	0	2
42893613	42912019	0	0	0	2
42909563	42912017	0	2	0	2
42912156	42993617	0	1	1	2
42912156	43002307	0	1	2	2
42912157	42945783	0	0	1	2
42912157	42946895	0	0	0	2
42912157	42959570	0	0	1	2
42912157	42959761	0	0	0	2
42912157	42959797	0	0	0	2
42912157	43015019	0	0	0	2
42993780	43015019	0	0	0	2
43039905	43046408	0	0	0	2
43040263	43041208	0	1	0	1
43041301	43052053	0	0	0	1
43046573	43051799	0	0	0	2
43046573	43059382	0	0	2	2
43051886	43059381	0	1	0	2
43059527	43063811	0	0	1	2
43063921	43064188	0	0	0	2
43064324	43068408	0	0	0	2
43068590	43069602	0	0	1	2
43068590	43069634	0	0	1	2
43069844	43070169	0	0	0	2
43069844	43075472	0	0	0	2
43070241	43075471	0	1	0	2
43075589	43079899	0	1	0	2
43079986	43089275	0	0	0	2
43110803	43124014	0	0	0	1
43124183	43127695	0	0	1	1
43127795	43128494	0	0	0	1
43128625	43129211	0	0	0	1
43133486	43137079	0	0	0	2
43133486	43141160	0	0	2	2
43137298	43141160	0	0	0	2
43141249	43142924	0	0	0	2
43151604	43159208	0	0	0	1
43151604	43161050	0	0	1	1
43152126	43159207	0	1	1	1
43152219	43159207	0	1	0	1
43159419	43161049	0	1	1	1
43161190	43162801	0	0	0	1
43168159	43168772	0	0	0	2
43168912	43169498	0	0	0	2
43169568	43171626	0	0	0	2
43169568	43171817	0	0	1	2
43171900	43172401	1	0	0	2
43172554	43173713	0	0	0	2
43173826	43174207	0	0	1	2
43174402	43174496	0	1	0	2
43174615	43175269	0	0	1	2
43174615	43176318	0	0	0	2
43176396	43179617	0	0	1	2
43179752	43179839	0	0	0	2
43180000	43180740	0	0	0	2
43180939	43182977	0	1	0	2
43183149	43186891	0	0	1	2
43204148	43207531	0	1	0	2
43207613	43208070	0	0	0	2
43208224	43210041	0	0	1	2
43210239	43210919	0	1	0	2
43211083	43212423	0	0	0	2
43212592	43214088	0	0	0	2
43212697	43213153	0	0	0	1
43214250	43218252	0	1	1	2
43218458	43220448	0	0	0	2
43220587	43221171	0	0	0	2
43221287	43222634	0	2	1	2
43222742	43223095	0	0	0	2
43223215	43227371	0	1	1	2
43227496	43229070	0	0	1	2
43229188	43231751	0	0	0	2
43231875	43238836	0	0	0	2
43232518	43233426	0	0	0	1
43233622	43238594	0	2	1	1
43238952	43255484	0	2	0	2
43238954	43258217	0	0	0	2
43255575	43258215	0	2	2	2
43258335	43262718	0	0	3	2
43262844	43291043	0	1	1	2
43270586	43272504	0	3	3	2
43270588	43272421	0	1	0	2
43276011	43281935	0	0	1	1
43291180	43319935	0	0	0	2
43317110	43318221	0	0	0	2
43317110	43319935	0	0	1	2
43318349	43319935	0	0	3	2
43320064	43339101	0	1	0	2
43339235	43343172	0	0	0	2
43400454	43402103	0	0	0	1
43402230	43404776	0	1	0	1
43404882	43409084	0	0	0	1
43411561	43424906	0	0	2	1
43412158	43424906	0	0	0	1
43416513	43416646	0	0	1	1
43417014	43417655	0	0	3	1
43417014	43424906	0	0	0	1
43425209	43435032	0	0	0	1
43435215	43474734	0	0	0	1
43474959	43498231	0	2	1	1
43498350	43502642	0	0	0	1
43502756	43505495	0	1	2	1
43508159	43512368	0	0	0	2
43516376	43518475	0	0	0	1
43518597	43534851	0	0	1	1
43518597	43558615	0	0	1	1
43528975	43530813	0	0	0	2
43530962	43532012	0	2	0	2
43530964	43533369	0	0	1	2
43530964	43534686	0	0	1	2
43534872	43537375	0	0	0	2
43537544	43540124	0	1	0	2
43540356	43554866	0	1	0	2
43555095	43576294	0	1	0	2
43555096	43570085	0	0	1	2
43576488	43580462	0	0	1	2
43580659	43590072	0	0	0	2
43590229	43600067	0	0	0	2
43600263	43608480	0	0	0	2
43608599	43615823	0	1	2	2
43608600	43626445	0	0	1	2
43615921	43626444	0	1	0	2
43626679	43632103	0	0	0	2
43632237	43635099	0	1	1	2
43635216	43667102	6	0	0	2
43667271	43668869	0	1	0	2
43669045	43671971	0	0	0	2
43672133	43672244	0	0	0	2
43672305	43677994	0	0	0	2
43678163	43683745	0	0	0	2
43683855	43687469	0	0	1	2
43687581	43711473	0	0	2	2
43711623	43716846	0	0	0	2
43716972	43731697	0	0	0	2
43731811	43735855	0	0	0	2
43735993	43755764	0	0	0	2
43755832	43765303	0	0	0	2
43765393	43772890	0	0	0	2
43765393	43782178	0	0	0	2
43765393	43797243	0	0	0	2
43765393	43808993	0	0	0	2
43773102	43782177	0	1	1	2
43782325	43797243	0	0	1	2
43782325	43808993	0	0	1	2
43797351	43808993	0	0	0	2
43809131	43812166	0	0	0	2
43812832	43816911	0	1	0	1
43826113	43827512	0	0	0	2
43826113	43829058	0	0	0	2
43827640	43829058	0	0	0	2
43829198	43833638	0	0	0	2
43833734	43838865	0	0	0	2
43838993	43839943	0	0	2	2
43840025	43841800	0	0	2	2
43840025	43862212	0	0	0	2
43841932	43862212	0	0	0	2
43880885	43881556	0	0	0	2
43881672	43884209	0	2	0	2
43884345	43886301	0	0	3	2
43886488	43887589	0	0	0	2
43887651	43889327	0	0	0	2
43887651	43891060	0	0	0	2
43889495	43891686	0	0	0	2
43889537	43889796	0	1	0	2
43889863	43891059	0	1	0	2
43891294	43891686	0	0	0	2
43924086	43926933	0	0	0	1
43924097	43926937	0	1	0	1
43924098	43926933	0	0	0	1
43924334	43926933	0	0	1	1
43927164	43928819	0	3	0	1
43928889	43932876	0	0	0	1
43933086	43934603	0	1	0	1
43934666	43937049	0	0	1	1
43937271	43939990	0	1	1	1
43937272	43939334	0	0	0	1
43940124	43944688	0	1	0	1
43944794	43946151	0	1	1	1
43944795	43963284	0	0	0	1
43955598	43963068	0	0	0	1
43955598	43963284	0	0	1	1
43963226	43964450	0	0	0	1
43963396	43964450	0	0	0	1
43964553	43968729	0	0	0	1
43968818	43972234	0	0	0	1
43972342	43972869	0	0	0	1
43973001	43973234	0	0	0	1
43973323	43976053	0	0	0	1
43976183	43976748	0	0	1	1
43976819	43977868	0	2	0	1
43977958	43981389	0	0	1	1
43981461	43983931	0	0	1	1
43984000	43989109	4	1	1	1
43989257	43990263	0	0	0	1
43990406	43996336	0	0	0	1
43990406	44009475	2	0	0	1
43995490	43996192	0	0	1	1
43999411	43999532	0	0	0	1
43999672	44093925	0	1	0	1
44009526	44010490	0	0	0	1
44024451	44093926	0	0	0	1
44026376	44093926	0	0	1	1
44031506	44039833	0	1	0	1
44039957	44093926	0	0	0	1
44069162	44093926	0	0	0	1
44087009	44089351	0	2	0	1
44089539	44093930	0	0	0	1
44094017	44100051	0	0	0	1
44100123	44119036	0	0	0	1
44119139	44119786	0	1	0	1
44119140	44131485	0	0	0	1
44131627	44132892	0	0	0	1
44133009	44136458	0	0	1	1
44136516	44138980	0	2	0	1
44136518	44140122	0	0	1	1
44140143	44147859	0	0	0	1
44147922	44151481	0	0	2	1
44147922	44157980	0	0	1	1
44151551	44157980	0	0	0	1
44158081	44163854	0	2	0	1
44162851	44163856	0	0	0	1
44163930	44167997	0	0	0	1
44163930	44168600	0	0	0	1
44168273	44168600	0	0	0	1
44173191	44181740	0	0	0	1
44173191	44183316	0	0	2	1
44181185	44181740	0	0	0	1
44181185	44181862	0	0	1	1
44181369	44181739	0	1	0	1
44181431	44181740	0	0	0	1
44181917	44183316	0	0	0	1
44183408	44183588	0	0	0	1
44183408	44185806	0	0	0	1
44185871	44187773	0	1	0	1
44185872	44186575	0	0	0	1
44187878	44189112	0	0	0	1
44189254	44190549	0	0	0	1
44190666	44192047	0	0	0	1
44192104	44193799	0	0	0	1
44192128	44196154	0	1	0	1
44193823	44196153	0	0	0	1
44196213	44196345	0	0	1	1
44196213	44198619	0	0	1	1
44196414	44198618	0	1	0	1
44198721	44205754	0	1	0	1
44198722	44218489	0	0	0	1
44205826	44206312	0	3	0	1
44218773	44219482	0	0	0	1
44249683	44285424	0	2	0	2
44285745	44296670	0	0	3	2
44296885	44300877	0	0	2	2
44300977	44312749	0	0	0	2
44365716	44365843	0	0	1	1
44413866	44414743	0	0	0	2
44443400	44443639	0	1	0	1
44443791	44444382	0	0	0	1
44497811	44498042	0	0	1	2
44569438	44570495	0	3	0	1
44569441	44569595	0	0	0	1
44569441	44571374	0	0	0	1
44569663	44570498	0	0	1	1
44570131	44570497	0	1	0	1
44570588	44571374	0	0	1	1
44570624	44570910	0	0	0	1
44570624	44571374	0	0	0	1
44571492	44572037	0	0	1	1
44607048	44622285	0	0	0	2
44622454	44622603	0	2	0	2
44622722	44625314	0	1	0	2
44668803	44702488	0	2	1	1
44668805	44714589	0	0	0	1
44677240	44679345	0	0	0	1
44677240	44702490	0	0	0	1
44677240	44714589	0	0	0	1
44679885	44702490	0	0	0	1
44702409	44702490	0	0	0	1
44702607	44714588	0	1	0	1
44714671	44725242	0	0	0	1
44714671	44726575	0	0	0	1
44725292	44726575	0	0	0	1
44725296	44726575	0	0	0	1
44726632	44731675	0	2	0	1
44726632	44731731	0	2	0	1
44726633	44729311	0	1	0	1
44726634	44730608	0	0	4	1
44726634	44731728	0	0	1	1
44726634	44786455	0	0	1	1
44731004	44731728	0	0	0	1
44731821	44732249	1	0	0	1
44732391	44735025	0	0	2	1
44732391	44736770	0	0	0	1
44735161	44736769	0	1	0	1
44735161	44786454	0	1	0	1
44752626	44786454	0	1	0	1
44752627	44777160	0	0	0	1
44752739	44777159	0	1	0	1
44765399	44765863	0	0	0	1
44766189	44786455	0	0	0	1
44777229	44786040	0	0	0	1
44777229	44786455	0	0	0	1
44786101	44786455	0	0	0	1
44786605	44802074	0	1	1	1
44786606	44808305	0	0	0	1
44802164	44808305	0	0	0	1
44802164	44814670	0	0	1	1
44808438	44808670	0	0	0	1
44808438	44809004	0	0	0	1
44808438	44814670	0	0	0	1
44808732	44814670	0	0	0	1
44809098	44814670	0	0	0	1
44814758	44822369	0	0	0	1
44822469	44825481	0	0	0	1
44825593	44845267	0	0	0	1
44845342	44847971	0	0	1	1
44848050	44848930	0	0	0	1
44849059	44862272	0	1	0	1
44849060	44859678	0	0	0	1
44849060	44859729	0	0	0	1
44859834	44862273	0	0	0	1
44883303	44885423	0	1	0	2
44885529	44885861	0	0	0	2
44885936	44887959	0	2	0	2
44888121	44889758	0	0	2	2
44889781	44891303	0	1	0	2
44891360	44893455	0	0	0	2
44893532	44896029	0	1	0	2
44896083	44913820	0	0	1	2
44913962	44916278	0	0	0	2
44914088	44916278	0	0	0	2
44916449	45009946	0	1	0	2
44916627	44920393	0	3	0	2
44920490	44933471	0	0	0	2
44920490	44967013	0	0	2	2
44920490	45008543	0	0	0	2
44933518	45008543	0	0	0	2
44967163	44968992	0	1	0	2
44969205	44970938	0	0	4	2
44989530	45008542	0	1	0	2
45001286	45001865	0	0	0	2
45002022	45002863	0	0	0	2
45008609	45009235	0	1	0	2
45008609	45009493	0	1	0	2
45008610	45008792	0	0	1	2
45134793	45163512	0	4	0	2
45134797	45138822	0	0	1	2
45134797	45163570	0	0	0	2
45138916	45152403	0	0	1	2
45138916	45163575	0	0	0	2
45164295	45168165	0	1	2	1
45164296	45166307	0	0	0	1
45164727	45165862	0	1	0	1
45164757	45165862	0	1	0	1
45164758	45168166	0	0	1	1
45164758	45180218	0	0	0	1
45164954	45165862	0	1	1	1
45166116	45168166	2	0	1	1
45166430	45168166	0	0	0	1
45168245	45170985	0	1	0	1
45168246	45171598	0	0	0	1
45171143	45171598	0	0	1	1
45171152	45171598	0	0	0	1
45171177	45171598	0	0	0	1
45171683	45171807	0	0	0	1
45171683	45175892	3	0	1	1
45171683	45178236	3	0	0	1
45172037	45175892	0	0	0	1
45176079	45181283	0	1	1	1
45176080	45178236	3	0	0	1
45178899	45181283	0	1	0	1
45180320	45181284	0	0	0	1
45181366	45183399	0	1	1	1
45183520	45184451	0	0	0	1
45197216	45197788	0	0	0	2
45197948	45199871	0	0	0	2
45200034	45202987	0	1	0	2
45200035	45202561	0	0	0	2
45200035	45202592	0	0	1	2
45203184	45203843	0	0	0	2
45203985	45205215	0	0	0	2
45205318	45205628	0	0	0	2
45205640	45205790	0	1	1	2
45205707	45205791	0	0	1	2
45205912	45207571	0	0	1	2
45205912	45211954	0	0	2	2
45207772	45211954	0	0	0	2
45211431	45211953	0	1	0	2
45212106	45226777	0	1	0	2
45212107	45212263	0	0	0	2
45212107	45213319	0	0	0	2
45212107	45226150	0	0	0	2
45212107	45235247	0	0	0	2
45212107	45236168	0	0	0	2
45212107	45240638	0	0	0	2
45226383	45240638	0	0	0	2
45285063	45285937	0	2	0	1
45286096	45287170	0	0	0	1
45286096	45293179	0	0	0	1
45287449	45289057	0	2	0	1
45289143	45293179	6	1	1	1
45293313	45295558	0	0	0	1
45309081	45309198	0	0	1	1
45309346	45310026	0	0	0	1
45309650	45310026	6	0	0	1
45310183	45322369	0	0	0	1
45318512	45322369	0	0	0	1
45318640	45321600	0	0	1	1
45318960	45321600	0	0	0	1
45321792	45322039	0	1	0	1
45322215	45322369	0	0	0	1
45322424	45323171	0	2	0	1
45323427	45327840	0	0	0	1
45328062	45328389	0	1	0	1
45328063	45330601	0	0	0	1
45329384	45330601	0	0	0	1
45329933	45330601	0	0	0	1
45330731	45332423	0	0	0	1
45330755	45332422	0	1	0	1
45332710	45335348	0	0	0	1
45335187	45335347	0	1	0	1
45335382	45336326	0	0	0	1
45336408	45337829	0	3	0	1
45336411	45340384	0	0	1	1
45337968	45340384	0	0	1	1
45344657	45345457	0	0	1	2
45345569	45349726	0	0	0	2
45345569	45353976	0	0	1	2
45349797	45352449	0	0	0	2
45352602	45353976	0	0	0	2
45354132	45354957	0	0	0	2
45355115	45358695	0	0	0	2
45358794	45359802	0	1	1	2
45359958	45361837	0	0	0	2
45361983	45362882	0	1	0	2
45363025	45369951	0	1	0	2
45370060	45371469	0	0	1	2
45371587	45372153	0	0	0	2
45372292	45383465	0	0	0	2
45383613	45386865	0	0	0	2
45387046	45389710	0	0	1	2
45389896	45393631	0	1	1	2
45393841	45394683	0	0	0	2
45394767	45396344	0	0	0	2
45396486	45399093	0	0	1	2
45399353	45402331	0	0	0	2
45402571	45406458	0	0	0	2
45406663	45406751	0	0	0	2
45406865	45408708	1	1	1	2
45408897	45413456	0	1	0	2
45414015	45414320	0	0	0	1
45414402	45417599	0	1	0	1
45417946	45422288	0	0	0	1
45418244	45422288	0	0	0	1
45422408	45425946	0	0	0	1
45426174	45430897	0	1	0	1
45431066	45432282	0	0	1	1
45436035	45448369	0	0	1	2
45502340	45518680	0	0	0	1
45502487	45517638	0	1	0	1
45503064	45518680	0	0	0	1
45503490	45518680	0	0	4	1
45517698	45518680	0	0	0	1
45518787	45523089	0	0	0	1
45518787	45525541	0	0	0	1
45523204	45525541	0	0	0	1
45525678	45527845	0	0	0	1
45528009	45531263	0	0	0	1
45528009	45533061	0	0	2	1
45531324	45533061	0	0	0	1
45533164	45533759	0	0	0	1
45533898	45535198	0	0	0	1
45533898	45535254	0	0	0	1
45535336	45541226	0	1	0	1
45541371	45542152	0	1	0	1
45542283	45543399	0	0	2	1
45543526	45547083	0	0	0	1
45547203	45550489	0	1	1	1
45547204	45548611	0	0	0	1
45548744	45550490	0	0	1	1
45550614	45564881	0	1	1	1
45550615	45550899	0	0	1	1
45550615	45558069	0	0	0	1
45550615	45562910	0	0	0	1
45550615	45574509	0	0	0	1
45574653	45576975	0	0	0	1
45577108	45577904	0	0	0	1
45577108	45600305	0	0	0	1
45604666	45605399	0	0	0	2
45604758	45605399	0	0	0	2
45605513	45620207	0	0	0	2
45620298	45620758	0	0	1	2
45672179	45689710	0	0	0	1
45672179	45692994	0	0	0	1
45672477	45689710	0	0	1	1
45689538	45689708	0	2	0	1
45689903	45692994	0	0	0	1
45693078	45700280	0	0	0	1
45700378	45702687	0	0	0	1
45702847	45718411	0	0	0	1
45704098	45718411	6	0	0	1
45718493	45729423	0	0	0	1
45729589	45738728	0	1	0	1
45738556	45738729	0	0	1	1
45738839	45740367	0	0	0	1
45740538	45744406	0	0	0	1
45740538	45806957	0	0	0	1
45793778	45806957	0	0	0	1
45807022	45823116	0	0	0	1
45807022	45842989	0	0	0	1
45807103	45811695	0	1	0	1
45843178	45843667	0	0	2	1
45876539	45879087	0	2	0	2
45876541	45877212	0	0	0	2
45877359	45879088	0	1	2	2
45879204	45891403	0	0	0	2
45879248	45887643	0	1	0	2
45923334	45931095	0	1	1	2
45927574	45931096	0	0	0	2
45931368	45949917	0	1	0	2
45950145	45975542	0	1	2	2
45950146	45972153	0	0	0	2
45950146	45975688	0	0	2	2
45950146	45976682	0	0	2	2
46013809	46014494	0	1	0	1
46041052	46042572	0	0	2	2
46042640	46043561	0	0	1	2
46043699	46043938	5	0	2	2
46043699	46044607	5	0	2	2
46047519	46048176	0	1	1	2
46051899	46053748	0	0	0	2
46053920	46056845	0	0	1	1
46053920	46097924	0	0	0	1
46054953	46055597	0	0	0	1
46054953	46056845	0	0	1	1
46055733	46056845	0	0	0	1
46056514	46057753	0	1	0	2
46056945	46057060	0	0	0	1
46067869	46069656	0	2	0	2
46067870	46067968	0	1	0	2
46068089	46069658	0	0	0	2
46072647	46097923	0	1	0	1
46080655	46097924	0	0	0	1
46085247	46097924	0	0	1	1
46086160	46097924	0	0	0	1
46098010	46098492	0	0	1	1
46098558	46103190	0	0	0	1
46098558	46109265	0	0	0	1
46103249	46105407	0	0	0	1
46103249	46109265	0	0	1	1
46103252	46105406	0	1	0	1
46109353	46109669	0	0	0	1
46109353	46109762	0	0	1	1
46150652	46151886	0	0	0	1
46151177	46151886	0	0	0	1
46151967	46156225	0	3	1	1
46151970	46176751	0	0	0	1
46151970	46188721	0	0	0	1
46151970	46198340	0	0	0	1
46171491	46175986	0	1	0	1
46171492	46198340	0	0	0	1
46176144	46176751	0	0	4	1
46176836	46188721	0	0	0	1
46176836	46198340	0	0	1	1
46176836	46198343	0	0	0	1
46188822	46198343	0	0	0	1
46198590	46215170	0	1	0	1
46215333	46218261	0	0	0	1
46218401	46219810	0	0	0	1
46220013	46231789	0	1	1	1
46232239	46235131	0	0	0	1
46245238	46246671	0	0	0	2
46245238	46247108	0	0	0	2
46245238	46247123	0	0	0	2
46245238	46250254	0	0	0	2
46246795	46247104	5	0	0	2
46246795	46247108	0	0	0	2
46247219	46248168	0	2	0	2
46247220	46250253	0	1	0	2
46248282	46250252	0	2	0	2
46268071	46268511	0	1	0	1
46268590	46269139	0	1	1	1
46268591	46272333	0	0	0	1
46269289	46272333	0	0	0	1
46272416	46273896	0	0	1	1
46274069	46275246	0	0	0	1
46275421	46278584	0	0	0	1
46278661	46280067	0	0	0	1
46278661	46281597	0	0	0	1
46281717	46281968	0	1	2	1
46281718	46283971	0	0	0	1
46282149	46283969	0	2	0	1
46284032	46285239	0	0	0	1
46285279	46287071	0	0	0	1
46287154	46288421	0	0	0	1
46288588	46289400	0	0	0	1
46289560	46289823	0	1	0	1
46289899	46292201	5	2	2	1
46289899	46292789	0	0	0	1
46292328	46292789	0	0	1	1
46296931	46297378	0	0	1	1
46297479	46308148	0	0	1	1
46308207	46308317	0	0	0	1
46308941	46312137	0	2	0	1
46312305	46313888	0	0	0	1
46314013	46316030	0	0	0	1
46316412	46323188	0	0	0	1
46323262	46326434	0	0	0	1
46326654	46328686	0	0	2	1
46328888	46329355	0	1	1	1
46329567	46330045	0	0	0	1
46331731	46333079	0	1	1	1
46331732	46337777	0	0	0	1
46335842	46346416	0	4	0	1
46335845	46337776	0	1	1	1
46336106	46337777	0	0	0	1
46336666	46337777	0	0	0	1
46337942	46343258	0	2	2	1
46337944	46346420	0	0	1	1
46343367	46346419	0	1	0	1
46346544	46347371	0	0	0	1
46346544	46350289	0	0	0	1
46346544	46350344	0	0	0	1
46346544	46350348	0	0	1	1
46347495	46350344	0	0	1	1
46350463	46352119	0	0	0	1
46352174	46352262	0	0	0	1
46352330	46352523	0	0	1	1
46352330	46353765	0	0	2	1
46353866	46355441	0	1	0	1
46355588	46355988	0	0	0	1
46355588	46356840	0	0	0	1
46356071	46356839	0	1	1	1
46363187	46363994	0	0	0	2
46363247	46363994	0	0	0	2
46364251	46364510	0	0	1	2
46364736	46365229	0	0	0	2
46365380	46365584	0	0	0	2
46365689	46366384	0	0	0	2
46366480	46366991	0	0	0	2
46367118	46367727	1	0	0	2
46367854	46369176	0	1	0	2
46369258	46369690	0	0	1	2
46369804	46372881	0	0	1	2
46370237	46372881	0	0	0	2
46373057	46377059	0	0	0	2
46377260	46378588	0	1	0	2
46377261	46377346	0	0	0	2
46378717	46380786	0	0	0	2
46380955	46381844	0	0	1	2
46382050	46384541	0	0	0	2
46384686	46386400	0	0	0	2
46386585	46389288	0	0	0	2
46389499	46390390	4	0	2	2
46390486	46391184	0	0	0	2
46391033	46391184	0	0	0	2
46391075	46391184	0	0	0	2
46391287	46391631	0	0	0	2
46391816	46394140	0	0	0	2
46394262	46396603	0	0	0	2
46396746	46397672	0	0	0	2
46397848	46398522	1	0	0	2
46398637	46399715	0	0	1	2
46399902	46408994	0	0	0	2
46399926	46408994	0	0	0	2
46409162	46409753	0	0	0	2
46409879	46410395	0	1	1	2
46410561	46411600	0	0	0	2
46411759	46433391	0	0	0	2
46433481	46436172	0	0	0	2
46436288	46439186	0	1	0	2
46439410	46463704	0	1	0	2
46462918	46463705	0	0	0	2
46464345	46533625	0	0	0	2
46530500	46533625	0	0	0	2
46542934	46546686	0	0	0	1
46576078	46626749	0	0	0	1
46577289	46626748	0	1	0	1
46620564	46626748	0	1	0	1
46626916	46637838	0	0	1	1
46626961	46637838	0	0	0	1
46637959	46658184	0	1	0	1
46658307	46661379	0	0	0	1
46661441	46663037	0	1	0	1
46663171	46663835	0	1	0	1
46663863	46664024	0	0	0	1
46664117	46665613	0	0	0	1
46665706	46666823	0	0	1	1
46666873	46668094	0	0	1	1
46668165	46668685	0	2	0	1
46668732	46668797	0	0	0	1
46668908	46671048	0	0	0	1
46668908	46672841	0	0	0	1
46672996	46673667	0	1	0	1
46673814	46674655	0	0	0	1
46674748	46675464	0	2	1	1
46675552	46676598	0	0	0	1
46676668	46677145	0	0	0	1
46687206	46689990	0	0	0	2
46690200	46691570	0	0	0	2
46691777	46693425	0	0	1	2
46693503	46693673	0	0	0	2
46693503	46695208	0	0	0	2
46695315	46699311	0	0	1	2
46699465	46701634	0	0	0	2
46701710	46707841	0	0	0	2
46707985	46712163	0	3	0	2
46707988	46711084	0	0	0	2
46711149	46712166	0	0	3	2
46712293	46720084	0	0	0	2
46720207	46720899	0	1	0	2
46721014	46738004	0	1	1	2
46735508	46738005	0	0	0	2
46762848	46788978	0	0	1	1
46762848	46789310	0	0	0	1
46762848	46792518	0	0	1	1
46762848	46793499	0	0	0	1
46763331	46789310	0	0	0	1
46764286	46768046	0	0	3	1
46768177	46792518	0	0	0	1
46774234	46792517	0	1	0	1
46789037	46792518	0	0	1	1
46789470	46792517	0	1	1	1
46792575	46793498	0	1	0	1
46792576	46792666	2	0	0	1
46792761	46793498	0	1	0	1
46792804	46793499	0	0	0	1
46793838	46878648	0	3	0	1
46793840	46797441	0	1	1	1
46797619	46878650	0	1	0	1
46797620	46891264	0	0	0	1
46878723	46891264	0	0	0	1
46891393	46894781	0	1	1	1
46894846	46912072	0	0	0	1
46912188	46913332	0	0	0	1
46912188	46974288	0	0	0	1
46913445	46997631	0	1	1	1
46974399	46997632	0	0	0	1
46997708	47037068	0	1	1	1
47037198	47111506	0	0	0	1
47111603	47173496	0	0	0	1
47345724	47363590	4	1	2	1
47363708	47366765	0	1	0	1
47366815	47369498	0	0	0	1
47461829	47463316	0	0	0	2
47463388	47486728	0	0	0	2
47463572	47486728	0	0	0	2
47484642	47486728	0	0	0	2
47612643	47629326	0	0	1	2
47621101	47622454	0	0	0	2
47622951	47624465	0	1	2	2
47625633	47627160	0	0	0	2
47625633	47627307	0	0	0	2
47625633	47627436	0	0	1	2
47627242	47627436	0	0	0	2
47627577	47629326	0	0	0	2
47627757	47629326	6	0	0	2
47631031	47634445	0	0	2	1
47631775	47635178	0	0	1	1
47631865	47635178	0	0	2	1
47631884	47634443	0	2	0	1
47631886	47635178	0	0	0	1
47631886	47641983	0	0	2	1
47631886	47686198	0	0	0	1
47632084	47635176	0	2	0	1
47634636	47635178	0	0	0	1
47635351	47685313	0	2	1	1
47635352	47637500	0	1	0	1
47635352	47661572	0	1	0	1
47635352	47686197	0	1	0	1
47635353	47636686	0	0	0	1
47635353	47637508	0	0	0	1
47635353	47637511	0	0	0	1
47635353	47641983	0	0	0	1
47635353	47738432	0	0	0	1
47635353	47861990	0	0	0	1
47635355	47686198	0	0	0	1
47636822	47637242	0	0	0	1
47637356	47637509	0	2	0	1
47637602	47686196	0	2	0	1
47637604	47641983	0	0	1	1
47637604	47643395	0	0	0	1
47642172	47643394	0	1	0	1
47662920	47663224	5	0	0	2
47685477	47686198	0	0	0	1
47686312	47686547	0	0	0	1
47686312	47686573	0	0	0	1
47686693	47686799	0	2	0	1
47686695	47686974	0	0	0	1
47686937	47690926	0	1	0	1
47686937	47843986	0	1	1	1
47686938	47687139	0	0	1	1
47686938	47704587	0	0	0	1
47686938	47974170	0	0	0	1
47686938	48013739	0	0	0	1
47687203	47728824	0	3	0	1
47687205	47823174	0	1	0	1
47687205	47830949	0	1	1	1
47687206	47688594	0	0	0	1
47687206	47689233	0	0	1	1
47687206	47690927	0	0	0	1
47687206	47704587	0	0	0	1
47687206	47724272	5	0	0	1
47687206	47738432	0	0	0	1
47687206	47760417	5	0	0	1
47687206	47778200	0	0	0	1
47687206	47793396	0	0	2	1
47687206	47854909	0	0	0	1
47687206	47861990	0	0	1	1
47687206	47928742	0	0	1	1
47687206	47947564	0	0	0	1
47687206	47974170	0	0	0	1
47687210	47690660	0	0	0	1
47688719	47689233	0	0	0	1
47699428	47704587	0	0	2	1
47704747	47710697	0	0	1	1
47704747	47724272	2	1	1	1
47704747	47728827	0	0	2	1
47704747	47738432	0	0	0	1
47704747	47861990	0	0	0	1
47704747	47928742	4	1	0	1
47704747	48013739	0	0	1	1
47710747	47738432	0	0	1	1
47724325	47728827	0	0	1	1
47728995	47730391	0	0	0	1
47728995	47730632	0	0	0	1
47728995	47738432	0	0	0	1
47738575	47752366	0	1	0	1
47738575	47798111	0	1	1	1
47738576	47738676	0	0	0	1
47738576	47738695	0	0	0	1
47738576	47840605	0	0	1	1
47738576	47847204	0	0	0	1
47738576	47854909	0	0	1	1
47738576	47928742	0	0	0	1
47760492	47778200	0	0	0	1
47760492	47861990	0	0	0	1
47760492	48013739	0	0	1	1
47793516	47947563	0	1	0	1
47860818	47861990	0	0	0	1
47862122	47863929	0	0	0	1
47862122	47928742	0	0	1	1
47928944	47940542	0	0	0	1
48013935	48015556	0	1	2	1
48015635	48015808	0	1	2	1
48017539	48017836	0	1	1	1
48045001	48048468	0	0	1	2
48139696	48140738	0	0	0	2
48141809	48142004	0	0	0	1
48142043	48142572	0	1	0	1
48142694	48142987	0	0	0	1
48256574	48257192	0	0	0	2
48257702	48258780	0	0	3	2
48321395	48323802	0	0	0	2
48323988	48325197	0	1	0	2
48325937	48331822	0	0	0	2
48331938	48332696	0	0	0	2
48403710	48405287	0	0	0	1
48405439	48413653	0	0	0	1
48413762	48414726	0	0	0	1
48414830	48415397	0	0	0	1
48449339	48451098	0	0	0	1
48475963	48488679	0	1	0	2
48475964	48476308	0	0	0	2
48475964	48487665	0	0	0	2
48475964	48489062	0	0	0	2
48475964	48489158	0	0	1	2
48476411	48487665	0	0	1	2
48476411	48489062	0	0	1	2
48487749	48488378	0	0	1	2
48489703	48646594	0	1	0	1
48539447	48547220	0	1	0	2
48539448	48544670	0	0	0	2
48544925	48546511	0	0	1	2
48545706	48546511	0	0	2	2
48546602	48546690	0	1	1	2
48547011	48547191	0	1	0	2
48547012	48547221	0	0	0	2
48576571	48646595	0	0	0	1
48576571	48707715	0	0	0	1
48646746	48707715	0	0	0	1
48693380	48707714	0	1	0	1
48707844	48749837	0	0	0	1
48707844	48850756	0	0	0	1
48866846	48885050	0	1	0	1
48885111	48887010	0	1	0	1
48887212	48892664	0	0	1	1
48893132	48894402	0	0	0	1
48894615	48894733	0	0	0	1
48896143	48896796	0	0	0	1
49048947	49049391	0	2	0	2
49048947	49050352	0	2	0	2
49049460	49050354	0	0	2	2
49049463	49050354	0	0	1	2
49049544	49050352	0	2	0	2
49166743	49168123	0	0	1	2
49168728	49188000	0	0	0	2
49374463	49376318	0	0	0	1
49416035	49416600	0	0	1	2
49416035	49416813	0	0	0	2
49416735	49416813	0	0	1	2
49416928	49423440	0	0	0	2
49416928	49440874	0	0	0	2
49423692	49425320	0	0	0	2
49436374	49440873	0	1	0	2
49441212	49657403	0	0	0	2
49548751	49552649	0	1	0	1
49574560	49575343	0	0	0	2
49595264	49657403	0	0	1	2
49615490	49615574	0	0	0	2
49620268	49620453	0	1	0	2
49620659	49622192	0	1	0	2
49620659	49624367	0	1	0	2
49620659	49624444	0	1	0	2
49623609	49624175	0	1	0	2
49624253	49624445	0	0	0	2
49624681	49624856	0	0	0	2
49624936	49626841	0	0	0	2
49624936	49657403	0	0	0	2
49627047	49656622	0	0	1	2
49663677	49664496	0	0	0	2
49720831	49723509	0	0	0	2
49757711	49757953	0	1	0	2
49758001	49758295	0	0	0	2
49774416	49775589	1	0	1	2
49775745	49776048	0	0	0	2
49776158	49777031	0	1	0	2
49777161	49777676	0	0	0	2
49777813	49787388	0	0	2	2
49787494	49794032	0	0	0	2
49787522	49794032	1	2	0	2
49787887	49794032	0	0	0	2
49794294	49797803	0	0	0	2
49798117	49798556	0	0	0	2
49798684	49798984	0	2	1	2
49799119	49804202	0	0	0	2
49804359	49822948	0	1	0	2
49818382	49822948	0	1	0	2
49820986	49822949	0	0	0	2
49824331	49825728	0	0	0	2
49824331	49827495	0	0	0	2
49833687	49837290	0	0	0	2
49837390	49837505	0	1	0	2
49837392	49837504	0	2	0	2
49837552	49838690	0	0	0	2
49853989	49883332	0	0	0	1
49903879	49904177	0	0	0	2
49904066	49904177	0	0	0	2
49904254	49904335	0	0	2	2
49904383	49907718	0	1	0	2
49904505	49907718	0	1	0	2
49907944	49909242	0	0	0	2
49909347	49909892	0	0	0	2
49910088	49910432	0	0	0	2
49910605	49913381	0	2	1	2
49913517	49913602	0	0	0	2
49913843	49918261	0	0	0	2
49918430	49918757	0	0	1	1
49918898	49919228	0	0	1	1
49919312	49919728	0	0	0	1
49919840	49920154	0	0	2	1
49920247	49921583	0	0	1	1
49921472	49921582	0	1	0	1
49921760	49922294	0	1	1	1
49921761	49921869	0	0	0	1
49921761	49922610	0	0	0	1
49922443	49922610	0	0	0	1
49922707	49923232	0	0	1	1
49922707	49924358	0	0	1	1
49923316	49924357	0	1	1	1
49923317	49925415	0	0	0	1
49924454	49925414	0	1	0	1
49924455	49924984	0	0	0	1
49925557	49927253	0	0	2	1
49961032	49961123	0	0	0	1
49961234	49961316	0	0	0	1
49961367	49961439	0	1	1	1
49961811	49962687	6	0	0	1
49962865	49962938	0	0	0	1
49996860	49996992	0	0	0	2
49997073	49997317	0	1	0	2
49997416	49997683	0	0	1	2
49997483	49997683	0	0	1	2
49997741	49998022	0	1	1	2
49998069	49998135	0	0	0	2
49998309	49999289	2	1	0	2
49999345	49999429	0	0	0	2
49999502	49999826	0	0	0	2
49999967	50000194	0	0	1	2
49999967	50000476	0	0	1	2
50000240	50000476	0	0	0	2
50000591	50000751	0	1	0	2
50000863	50001080	0	0	0	2
50001231	50008635	0	0	0	2
50008663	50012542	0	1	0	2
50008664	50008981	0	0	0	2
50009063	50012543	0	0	2	2
50018791	50030428	0	0	0	2
50030925	50031684	0	0	1	2
50032109	50033200	0	0	0	2
50033445	50034355	0	0	0	2
50034505	50041619	0	0	0	2
50041807	50045253	0	0	0	2
50045389	50045854	0	0	0	2
50045970	50047166	0	0	0	2
50047289	50049245	0	2	0	2
50047296	50049247	0	0	1	2
50049322	50050107	0	0	1	2
50050246	50055231	0	1	0	2
50055325	50056867	0	0	1	2
50056972	50058151	0	1	1	2
50061657	50064032	0	0	0	2
50064198	50068431	0	0	0	2
50068554	50070524	0	1	1	2
50070582	50072742	0	1	1	2
50070583	50074214	0	0	0	2
50074332	50074606	0	0	0	2
50074332	50076839	1	0	0	2
50076912	50077399	0	0	1	2
50077502	50079916	0	0	0	2
50080019	50080342	0	0	0	2
50080397	50083082	0	0	1	2
50080397	50084724	0	0	0	2
50083173	50084724	0	0	0	2
50084960	50085352	0	1	0	2
50084961	50085137	0	0	2	2
50090184	50091998	0	1	2	1
50090396	50091998	0	1	0	1
50090512	50091999	0	0	0	1
50091462	50091999	0	0	0	1
50092185	50099441	0	0	0	1
50099602	50108134	0	0	0	1
50108247	50108654	0	1	0	1
50108842	50113644	0	2	1	1
50113787	50114378	0	1	0	1
50114621	50115111	0	1	0	1
50115246	50117155	0	0	0	1
50117351	50120500	0	0	0	1
50117351	50125390	0	0	0	1
50120616	50125390	0	0	0	1
50125569	50126200	0	0	0	1
50125569	50134005	0	0	0	1
50126272	50128414	0	0	0	1
50128506	50134004	0	1	0	1
50134065	50134528	0	0	0	1
50134630	50142079	0	0	0	1
50142189	50143041	0	0	0	1
50143221	50144095	0	0	0	1
50144243	50145687	0	0	0	1
50145810	50149613	0	0	0	1
50147149	50149613	0	0	0	1
50149714	50150733	0	0	1	1
50149714	50153043	0	0	0	1
50150898	50153042	0	1	1	1
50153217	50158054	0	1	1	1
50158206	50159676	0	0	0	1
50159785	50160686	0	0	1	1
50159785	50160962	0	0	0	1
50160825	50160962	0	0	0	1
50160825	50161366	0	0	0	1
50161055	50161366	0	0	0	1
50170956	50175430	0	0	2	1
50170956	50176937	0	0	1	1
50175482	50176937	0	0	0	1
50178402	50178932	0	0	0	1
50179135	50179219	0	0	0	1
50185976	50193025	0	0	0	1
50186001	50193025	0	0	0	1
50190648	50193025	0	0	0	1
50193093	50193574	0	0	0	1
50193654	50194338	0	0	0	1
50194506	50194898	0	0	0	1
50195040	50197239	0	0	1	1
50197351	50197447	0	0	0	1
50197588	50197821	0	0	0	1
50197994	50198072	0	1	0	1
50198186	50198343	0	0	0	1
50198514	50199113	0	1	0	1
50199328	50200074	0	0	0	2
50201590	50206315	0	0	0	1
50206519	50208485	0	1	1	1
50206520	50208534	0	0	0	1
50208716	50210179	0	0	0	1
50208769	50209210	0	0	0	2
50210311	50210629	0	0	0	1
50210911	50215715	2	0	0	1
50215867	50216689	0	0	2	1
50216876	50216970	0	0	0	1
50217128	50217203	0	0	0	1
50217827	50217916	0	0	0	2
50218097	50218186	0	1	0	2
50218116	50218186	0	1	0	2
50218369	50218485	0	1	0	2
50218402	50218486	0	0	0	2
50218619	50218700	0	1	0	2
50218897	50219066	0	0	2	2
50219209	50219286	0	0	0	2
50219456	50219642	0	0	0	2
50219791	50219955	0	0	0	2
50220015	50220190	0	0	0	2
50220015	50220249	0	0	0	2
50220015	50221273	0	0	1	2
50221874	50222026	0	0	0	2
50222102	50222452	0	0	0	2
50222587	50224138	0	1	0	2
50222591	50224138	0	1	1	2
50224255	50224329	0	1	0	2
50224419	50224508	0	1	1	2
50224592	50225792	0	0	0	2
50225943	50226048	0	0	0	2
50226189	50226285	0	0	0	2
50226377	50226730	0	1	0	2
50226841	50226996	0	1	0	2
50227075	50227903	0	2	1	2
50228028	50229402	0	0	0	2
50229577	50233314	6	0	0	2
50233526	50240202	0	0	0	2
50233526	50240223	0	0	0	2
50240367	50243717	0	0	0	2
50245530	50245673	0	0	0	2
50245735	50245907	0	1	0	2
50245827	50245908	0	0	0	2
50246092	50246296	0	0	0	2
50246375	50246676	0	1	0	2
50246735	50246873	3	0	2	2
50246966	50247690	0	0	0	2
50246966	50247888	0	0	0	2
50247776	50247888	0	0	0	2
50248145	50248223	0	0	0	2
50248290	50248362	0	2	0	2
50248292	50248660	0	0	0	2
50248471	50248659	0	1	0	2
50248471	50249632	0	1	3	2
50248472	50249101	0	0	1	2
50248751	50248829	0	0	0	2
50248751	50249101	0	0	0	2
50248859	50249101	0	0	0	2
50248890	50249101	0	0	0	2
50249167	50249325	0	1	0	2
50249198	50249326	0	0	1	2
50249454	50249633	0	0	0	2
50249515	50249632	0	1	0	2
50249703	50249858	1	0	0	2
50249719	50249858	0	0	1	2
50249963	50250060	0	1	0	2
50250160	50250425	0	0	1	2
50250160	50250769	0	0	0	2
50250523	50250769	0	0	1	2
50250904	50251099	0	1	0	2
50250905	50250972	0	0	0	2
50253480	50255195	0	0	0	2
50255370	50255451	0	0	0	2
50255531	50255613	0	0	0	2
50255694	50255808	5	0	0	2
50255881	50256083	0	0	1	2
50256199	50256597	0	0	0	2
50256646	50256786	0	0	0	2
50256646	50256933	0	0	1	2
50256646	50257080	0	0	0	2
50256646	50258241	0	0	0	2
50256964	50257080	0	0	0	2
50257193	50258241	0	0	0	2
50257659	50258240	0	1	2	2
50257945	50258241	0	0	1	2
50258301	50260827	0	0	0	2
50258301	50261165	0	0	0	2
50261296	50261383	0	0	0	2
50263877	50264793	0	0	1	2
50265027	50265319	0	0	0	2
50265494	50265580	0	0	0	2
50265660	50266224	0	0	0	2
50266305	50266538	0	0	1	2
50266609	50266930	0	2	0	2
50267048	50267125	0	0	0	2
50267174	50267251	0	0	0	2
50267174	50267255	0	0	0	2
50267286	50267369	0	0	0	2
50267482	50267567	0	0	2	2
50267482	50267818	0	0	0	2
50267626	50267817	0	1	0	2
50267949	50270175	0	0	1	2
50267949	50270591	0	0	0	2
50275808	50275887	0	0	0	2
50275963	50276627	0	0	0	2
50276704	50276840	0	0	0	2
50276906	50277589	0	0	0	2
50277738	50277851	0	0	0	2
50278013	50278115	0	0	1	2
50278270	50278432	0	1	0	2
50278519	50278594	0	0	0	2
50278695	50278852	0	1	2	2
50278696	50288984	0	0	0	2
50279011	50279628	0	0	0	2
50279776	50280003	0	0	0	2
50280070	50280486	0	1	0	2
50280669	50280741	0	1	2	2
50280973	50281087	0	0	0	2
50281188	50281357	0	1	0	2
50281499	50281564	0	0	0	2
50281739	50281849	0	3	0	2
50282080	50282181	0	1	0	2
50282081	50282709	0	0	0	2
50282313	50282709	0	0	1	2
50282881	50283048	0	0	0	2
50283186	50283335	0	0	0	2
50283444	50283599	0	1	0	2
50283750	50283831	0	0	0	2
50283990	50284130	0	0	0	2
50284213	50284571	0	0	0	2
50284243	50284570	0	1	0	2
50284665	50284843	0	0	1	2
50284665	50285798	0	0	0	2
50284912	50285797	0	1	0	2
50285901	50285988	0	0	0	2
50286098	50286171	0	0	0	2
50286287	50287109	0	0	0	2
50287264	50287665	0	0	0	2
50287793	50287935	0	0	1	2
50288037	50288741	0	0	0	2
50288871	50288958	0	0	0	2
50289141	50289514	0	1	1	2
50290596	50294716	0	1	2	2
50290597	50294724	0	0	0	2
50294778	50301345	0	0	0	2
50294778	50307551	0	0	0	2
50312260	50312340	0	1	2	2
50312416	50312520	0	1	0	2
50312625	50312997	0	0	0	2
50313108	50313444	0	0	0	2
50313499	50313633	0	0	0	2
50313724	50313812	0	0	0	2
50313878	50314205	0	0	0	2
50314272	50314398	0	0	0	2
50314494	50314603	0	0	0	2
50314700	50314797	0	0	0	2
50314921	50315712	0	0	0	2
50315077	50315923	0	0	0	1
50315769	50316023	0	0	0	2
50316087	50316172	5	0	0	2
50316253	50316368	0	0	1	2
50316475	50316564	0	0	2	2
50316475	50317291	0	0	1	2
50316626	50317291	0	0	0	2
50316710	50317289	0	2	1	2
50316864	50317291	0	0	0	2
50317373	50317906	0	0	0	2
50318020	50318845	0	0	0	2
50318889	50318963	0	0	0	2
50319003	50326810	0	0	0	2
50343549	50372017	0	1	0	1
50372150	50388984	0	0	1	1
50372150	50393891	0	0	0	1
50389109	50391863	0	2	1	1
50392015	50393891	0	0	0	1
50394135	50406687	0	0	2	1
50406875	50414550	0	0	0	1
50414689	50416090	0	0	0	1
50416157	50418865	0	0	1	1
50418979	50419344	0	0	2	1
50418979	50419347	0	0	0	1
50419461	50422251	0	1	0	1
50422380	50423460	0	0	0	1
50423614	50431171	0	0	0	1
50431382	50432263	0	0	0	1
50432329	50434964	3	0	0	1
50435081	50436365	0	0	0	1
50436452	50436986	0	0	0	1
50436452	50437504	0	0	1	1
50437067	50437503	0	1	1	1
50437603	50437841	0	0	0	1
50437900	50438172	0	0	0	1
50438298	50438597	0	0	4	1
50438760	50439697	0	2	0	1
50438762	50439696	0	0	0	1
50439857	50439959	0	0	0	1
50440049	50440799	0	0	0	1
50440049	50440820	0	0	0	1
50441026	50443864	0	0	0	1
50444116	50444196	0	1	0	1
50444117	50444201	0	0	0	1
50444452	50445615	0	1	1	2
50444978	50445616	0	0	0	2
50445744	50447087	0	0	1	2
50447201	50447320	0	0	0	2
50447240	50447320	0	0	0	2
50447422	50447520	0	0	0	2
50447453	50447520	0	0	0	2
50447606	50447734	0	3	0	2
50447609	50448231	0	0	1	2
50447955	50448231	0	0	0	2
50448375	50448541	0	0	0	2
50448433	50448541	0	0	0	2
50448443	50448524	0	1	0	2
50448444	50448541	0	0	0	2
50448444	50448543	0	0	0	2
50448647	50454510	0	0	0	2
50448649	50460531	0	1	0	2
50448650	50449708	0	0	0	2
50448650	50454510	0	0	1	2
50448650	50456214	0	0	1	2
50454706	50454812	0	0	0	2
50454722	50454809	0	3	2	2
50454741	50454811	0	1	0	2
50454926	50455013	0	1	0	2
50454944	50455014	0	0	0	2
50455129	50455221	0	1	0	2
50455142	50455222	0	0	0	2
50455391	50455479	0	0	0	2
50455407	50455477	0	2	0	2
50455409	50455477	0	0	0	2
50455581	50456213	0	1	0	2
50456395	50456490	0	0	0	2
50456666	50457030	0	2	0	2
50456673	50457032	0	0	0	2
50456673	50459253	0	0	1	2
50457109	50458176	0	2	1	2
50457111	50459253	0	0	0	2
50459379	50459466	0	2	0	2
50459391	50459467	0	1	0	2
50459392	50459950	0	0	0	2
50459408	50459466	0	2	0	2
50459409	50460269	0	1	1	2
50459666	50459950	0	0	0	2
50459666	50459968	0	0	0	2
50460159	50460270	0	0	0	2
50460408	50460532	0	0	0	2
50460685	50461157	0	0	2	2
50460711	50461156	0	1	0	2
50460711	50461944	0	1	0	2
50461274	50461520	0	1	3	2
50461285	50461520	0	1	0	2
50461714	50461790	0	4	1	2
50461869	50461945	0	0	2	2
50461869	50462006	0	0	0	2
50462107	50462203	0	0	1	2
50462117	50462201	0	2	0	2
50462470	50462557	0	0	0	2
50462472	50462556	0	1	0	2
50462682	50462868	0	0	0	2
50462714	50462868	0	0	1	2
50462717	50462868	0	0	0	2
50462937	50463035	0	1	1	2
50462938	50463281	0	0	0	2
50463432	50464327	0	0	0	2
50463992	50464532	0	0	0	2
50464441	50464532	0	0	0	2
50464738	50464817	0	0	3	2
50464738	50467336	0	0	0	2
50464917	50464999	0	0	0	2
50465125	50465213	0	0	0	2
50465129	50465213	0	0	1	2
50465328	50465761	0	0	0	2
50465340	50465761	0	0	0	2
50465840	50465959	0	0	0	2
50465998	50466148	0	0	0	2
50466043	50466148	0	0	0	2
50466073	50466347	0	1	1	2
50466074	50466148	0	0	0	2
50466258	50466348	0	0	1	2
50466481	50467335	0	1	1	2
50466482	50466603	0	0	0	2
50466512	50466602	0	1	1	2
50466710	50466976	0	0	0	2
50466710	50467336	0	0	0	2
50467001	50467336	0	0	0	2
50467443	50467530	0	0	0	2
50467447	50467538	0	1	0	2
50467448	50467530	0	0	0	2
50467611	50467784	0	0	0	2
50467690	50467784	0	0	2	2
50467693	50467784	0	0	0	2
50467693	50483791	0	0	0	2
50467913	50468373	0	1	0	2
50467923	50468374	0	0	0	2
50468449	50474784	0	0	0	2
50468459	50474782	0	2	0	2
50468461	50469786	0	0	0	2
50481763	50481835	0	0	1	1
50481957	50482565	0	0	0	1
50486912	50487383	0	0	0	1
50487465	50487660	0	0	0	1
50487742	50487884	0	0	0	1
50488048	50488241	0	0	0	1
50488048	50488273	0	0	1	1
50488340	50489081	0	2	1	1
50488342	50489038	0	0	0	1
50489149	50489226	0	0	0	1
50489295	50489395	0	0	0	1
50489295	50489746	0	0	0	1
50489446	50489530	0	0	0	1
50489630	50489746	0	0	0	1
50489643	50489745	0	1	1	1
50503699	50503806	0	0	0	2
50503904	50504338	0	0	0	2
50504451	50504557	0	0	1	2
50504727	50504800	0	0	2	2
50504984	50505055	0	0	0	2
50505153	50505227	0	0	0	2
50505334	50505401	0	0	0	2
50505537	50505672	0	0	0	2
50505815	50506033	0	0	0	2
50506213	50506283	0	0	0	2
50506502	50506636	0	0	0	2
50506666	50506780	0	0	0	2
50507035	50507141	0	0	0	2
50507035	50507580	0	0	0	2
50507116	50507576	0	4	4	2
50508426	50516443	0	2	2	1
50508444	50515717	0	1	0	1
50508445	50516445	0	0	0	1
50508445	50517425	1	2	0	1
50515774	50516445	0	0	0	1
50516548	50517425	0	0	0	1
50517481	50517574	0	1	0	1
50517661	50517739	0	0	1	1
50517809	50517971	0	0	0	1
50518052	50518131	0	0	0	1
50518278	50518647	0	0	0	1
50518732	50519188	0	0	1	1
50519320	50520963	0	0	0	1
50519637	50520963	0	0	0	1
50521036	50521541	0	0	0	1
50521609	50521739	0	0	0	1
50521848	50521984	0	0	0	1
50522039	50522179	0	0	0	1
50522251	50522341	0	0	0	1
50522414	50522495	0	1	1	1
50522415	50522499	0	0	2	1
50522569	50522669	0	0	1	1
50522720	50522819	0	0	0	1
50522922	50523015	0	0	0	1
50522922	50523078	0	0	1	1
50523166	50523233	0	0	0	1
50524424	50525440	0	0	0	2
50524424	50525470	0	0	0	2
50524424	50525999	0	0	0	2
50524424	50526244	0	0	1	2
50525918	50525999	0	0	0	2
50525918	50526244	0	0	1	2
50526141	50526244	0	0	0	2
50526156	50526244	0	0	0	2
50526476	50526574	0	0	0	2
50526738	50527163	0	0	0	2
50526738	50527586	0	0	0	2
50527283	50527586	0	0	0	2
50527328	50527586	0	0	1	2
50527715	50529900	0	2	1	2
50527717	50528510	0	0	0	2
50527717	50529134	0	0	0	2
50528573	50529134	0	0	2	2
50528610	50529134	0	0	0	2
50529337	50529493	0	1	0	2
50529717	50529900	0	2	2	2
50529731	50529902	0	0	0	2
50529746	50529901	0	1	1	2
50529754	50529902	0	0	0	2
50530559	50530709	0	1	0	2
50530560	50530686	0	0	0	2
50530828	50530935	0	0	0	2
50530852	50530935	0	0	3	2
50531057	50531188	0	1	0	2
50531294	50531567	0	1	1	2
50531295	50531967	0	0	0	2
50531340	50531567	0	1	0	2
50531701	50531966	0	1	0	2
50531773	50531967	0	0	0	2
50532110	50532474	0	1	0	2
50532378	50532475	0	0	0	2
50541455	50542564	0	1	0	1
50546486	50547566	0	0	0	1
50551402	50556295	0	0	0	2
50556402	50562853	0	3	1	2
50569081	50569165	0	0	1	2
50569081	50569334	0	0	0	2
50569421	50569574	0	0	2	2
50569667	50570290	0	1	0	2
50570406	50570889	0	0	0	2
50571043	50571156	5	0	0	2
50571287	50571373	0	0	1	2
50571292	50571373	1	0	0	2
50571533	50572004	0	0	0	2
50571539	50572004	0	0	0	2
50572122	50572201	0	0	1	2
50572308	50572873	0	0	1	2
50573059	50573517	0	1	0	2
50573715	50573806	0	0	0	2
50573715	50574333	0	0	0	2
50573921	50574333	0	0	0	2
50574419	50574491	0	0	0	2
50574600	50576033	1	0	0	2
50576112	50576196	0	0	0	2
50576334	50576854	0	1	1	2
50576335	50576534	0	0	0	2
50576593	50576855	0	0	0	2
50576637	50576855	0	0	2	2
50577034	50577322	0	0	0	2
50577034	50577354	0	0	0	2
50577463	50577773	0	0	0	2
50577934	50578082	0	0	1	2
50577934	50578384	0	0	0	2
50577934	50578547	0	0	0	2
50577934	50579034	3	1	0	2
50578659	50579034	0	0	0	2
50579255	50579424	0	0	0	2
50579458	50579789	0	0	1	2
50579506	50579724	0	1	0	2
50579801	50579971	0	1	0	2
50579802	50580055	0	0	0	2
50579830	50579972	0	0	0	2
50580082	50580188	0	0	1	2
50580270	50580355	0	1	1	2
50580416	50580563	0	0	0	2
50580659	50581417	0	1	0	2
50580660	50582247	0	0	0	2
50581553	50581747	0	0	0	2
50581862	50582027	0	0	1	2
50581862	50582247	0	0	0	2
50582093	50582245	0	2	0	2
50582357	50582556	0	0	1	2
50582357	50601148	0	0	0	2
50583323	50583596	0	0	1	1
50583323	50586528	0	0	2	1
50583400	50583596	0	0	1	1
50585682	50586528	0	0	0	1
50585955	50586528	0	0	0	1
50586639	50586841	0	0	0	1
50586952	50587268	0	0	0	1
50587454	50595188	0	1	1	1
50587455	50587954	0	0	0	1
50600882	50601786	0	1	0	1
50601894	50603221	0	0	0	1
50603497	50603623	0	1	2	1
50603719	50603839	0	0	0	1
50605063	50605365	0	1	0	1
50605442	50605559	0	1	0	1
50605734	50605823	0	0	0	1
50605934	50606656	0	0	1	1
50606765	50606919	0	0	0	1
50606991	50610210	0	0	0	1
50610310	50610705	0	0	0	1
50623026	50623771	0	1	0	2
50623894	50625360	0	1	0	2
50625464	50625577	0	0	1	2
50625681	50625934	0	0	1	2
50626063	50626152	0	0	1	2
50626278	50626589	0	0	1	2
50626760	50626832	0	0	2	2
50627052	50627164	0	0	1	2
50627405	50627553	0	1	0	2
50627406	50627944	0	0	0	2
50627790	50627942	0	2	0	2
50627792	50627896	0	0	1	2
50627792	50627989	0	0	1	2
50672853	50674074	0	0	0	1
50674703	50675045	0	1	0	1
50675251	50676620	0	0	0	1
50676693	50678583	0	0	0	1
50678693	50678767	0	0	2	1
50678919	50679016	0	1	0	1
50679186	50679310	0	0	1	1
50679428	50683338	0	0	0	1
50683417	50684583	0	0	0	1
50684651	50688764	0	0	0	1
50684651	50694773	4	2	0	1
50695048	50697562	0	0	0	1
50697714	50698141	0	1	0	1
50697715	50698688	4	0	0	1
50698122	50698688	0	0	0	1
50698342	50698688	0	0	1	1
50698803	50703858	0	0	3	1
50703935	50704164	0	0	1	1
50704248	50704736	0	0	1	1
50704862	50704962	0	0	0	1
50705096	50705374	0	0	0	1
50705096	50706070	0	0	1	1
50706152	50711613	0	0	0	1
50711638	50714915	0	0	0	1
50715045	50715665	0	2	0	1
50715753	50720182	0	0	0	1
50722437	50724125	0	0	1	1
50724153	50730719	0	0	0	1
50729707	50730719	0	0	0	1
50737104	50737388	0	0	0	2
50738311	50739268	0	1	0	1
50739474	50739692	0	0	0	1
50739977	50740619	0	0	0	1
50739977	50744059	2	0	0	1
50740840	50743483	0	0	0	2
50744206	50744544	0	0	0	1
50744206	50744651	1	0	0	1
50757325	50783117	0	1	0	1
50767708	50768758	0	0	0	2
50768874	50769039	3	0	0	2
50769124	50769423	0	0	0	2
50769124	50769453	0	0	0	2
50769549	50769903	0	0	0	2
50769551	50769902	0	1	0	2
50769551	50775769	0	1	2	2
50769552	50769879	0	0	0	2
50769552	50776668	0	0	0	2
50770016	50775770	0	0	0	2
50773109	50775770	0	0	0	2
50775851	50776668	0	0	2	2
50776748	50777949	0	1	0	2
50777980	50780022	0	1	1	2
50777981	50779009	0	0	0	2
50777981	50780611	0	0	0	2
50777981	50782186	0	0	1	2
50779121	50782186	0	0	0	2
50780226	50782186	0	0	0	2
50780718	50782186	0	0	0	2
50782345	50783497	0	2	1	2
50782346	50782766	0	1	0	2
50782350	50782892	0	1	0	2
50782350	50783498	0	1	1	2
50782351	50782889	0	0	0	2
50782351	50783037	0	0	0	2
50782351	50783043	0	0	0	2
50783044	50783498	0	1	0	2
50783284	50783387	0	2	0	2
50783286	50783499	0	0	0	2
50783294	50785171	3	0	0	1
50783864	50783978	0	0	0	1
50783864	50784329	0	0	1	1
50783864	50784623	0	0	0	1
50783864	50785171	0	0	0	1
50784020	50785170	0	1	2	1
50784021	50784329	4	0	0	1
50784072	50785171	0	0	0	1
50784424	50785171	0	0	0	1
50784685	50785170	0	1	0	1
50785292	50785422	0	1	0	1
50785292	50788889	0	1	1	1
50785293	50788748	0	0	0	1
50785293	50788893	0	0	0	1
50785293	50791175	0	0	0	1
50785293	50798653	0	0	0	1
50785634	50788748	0	0	1	1
50788798	50788890	0	0	0	1
50788798	50788893	0	0	5	1
50788802	50788890	0	0	0	1
50788802	50788893	0	0	0	1
50791303	50798653	0	0	0	1
